Workbook
Name MinTimeChar: _xlfn.LAMBDA(_xlpm.start,_xlpm.range, _xlfn.XMATCH(TRUE, _xlfn.SCAN(0, _xlpm.range, _xlfn.LAMBDA(_xlpm.acc,_xlpm.x, _xlpm.acc + _xlpm.x >= 5/1440))))

Sheet Brussels
A5: Parameters linked to the bus
B6: Total capacity of battery | C6: E_min Minimum SOC allowed | D6: E_max Maximum SOC allowed | E6: E0 Initial SOC at start of the day | F6: Eend Min SOC allowed at end of operations' day | G6: Number of cycles that battery can last | H6: Depth of discharge of battery | I6: Battery replacement cost | J6: Number of trips per day | K6: Total energy taken from battery of bus through its lifespan
A7: Bus 501 | B7: 491 | C7: 0.25 | D7: 0.85 | E7: 0.5 | F7: 0.5 | G7: 4000 | H7: 0 | I7: =139*0.924224 -> 128.46714 | J7: 5 | K7: =G7*B7*D7 -> 1669400 | L7: =Parameter!F3 -> 123 | M7: 123
A8: Bus 502 | B8: 491 | C8: 0.25 | D8: 0.85 | E8: 0.5 | F8: 0.5 | G8: 4000 | H8: 0 | I8: =139*0.924224 -> 128.46714 | J8: 13 | K8: =G8*B8*D8 -> 1669400 | L8: =Parameter!F4 -> 353 | M8: 352
A9: Bus 503 | B9: 491 | C9: 0.25 | D9: 0.85 | E9: 0.5 | F9: 0.5 | G9: 4000 | H9: 0 | I9: =139*0.924224 -> 128.46714 | J9: 12 | K9: =G9*B9*D9 -> 1669400 | L9: =Parameter!F5 -> 405 | M9: 404
A10: Bus 504 | B10: 491 | C10: 0.25 | D10: 0.85 | E10: 0.5 | F10: 0.5 | G10: 4000 | H10: 0 | I10: =139*0.924224 -> 128.46714 | J10: 17 | K10: =G10*B10*D10 -> 1669400 | L10: =Parameter!F6 -> 401 | M10: 400
A11: Bus 505 | B11: 491 | C11: 0.25 | D11: 0.85 | E11: 0.5 | F11: 0.5 | G11: 4000 | H11: 0 | I11: =139*0.924224 -> 128.46714 | J11: 16 | K11: =G11*B11*D11 -> 1669400 | L11: =Parameter!F7 -> 404 | M11: 403
A12: Bus 506 | B12: 491 | C12: 0.25 | D12: 0.85 | E12: 0.5 | F12: 0.5 | G12: 4000 | H12: 0 | I12: =139*0.924224 -> 128.46714 | J12: 4 | K12: =G12*B12*D12 -> 1669400 | L12: =Parameter!F8 -> 108 | M12: 108
A13: Bus 507 | B13: 491 | C13: 0.25 | D13: 0.85 | E13: 0.5 | F13: 0.5 | G13: 4000 | H13: 0 | I13: =139*0.924224 -> 128.46714 | J13: 4 | K13: =G13*B13*D13 -> 1669400 | L13: =Parameter!F9 -> 113 | M13: 113
A14: Bus 508 | B14: 491 | C14: 0.25 | D14: 0.85 | E14: 0.5 | F14: 0.5 | G14: 4000 | H14: 0 | I14: =139*0.924224 -> 128.46714 | J14: 12 | K14: =G14*B14*D14 -> 1669400 | L14: =Parameter!F10 -> 336 | M14: 336
A15: Bus 509 | B15: 491 | C15: 0.25 | D15: 0.85 | E15: 0.5 | F15: 0.5 | G15: 4000 | H15: 0 | I15: =139*0.924224 -> 128.46714 | J15: 4 | K15: =G15*B15*D15 -> 1669400 | L15: =Parameter!F11 -> 118 | M15: 118
A16: Bus 510 | B16: 491 | C16: 0.25 | D16: 0.85 | E16: 0.5 | F16: 0.5 | G16: 4000 | H16: 0 | I16: =139*0.924224 -> 128.46714 | J16: 16 | K16: =G16*B16*D16 -> 1669400 | L16: =Parameter!F12 -> 400 | M16: 400
A17: Bus 511 | B17: 491 | C17: 0.25 | D17: 0.85 | E17: 0.5 | F17: 0.5 | G17: 4000 | H17: 0 | I17: =139*0.924224 -> 128.46714 | J17: 10 | K17: =G17*B17*D17 -> 1669400 | L17: =Parameter!F13 -> 295 | M17: 295
A18: Bus 512 | B18: 491 | C18: 0.25 | D18: 0.85 | E18: 0.5 | F18: 0.5 | G18: 4000 | H18: 0 | I18: =139*0.924224 -> 128.46714 | J18: 4 | K18: =G18*B18*D18 -> 1669400 | L18: =Parameter!F14 -> 127 | M18: 127
... A34: Bus 528 | B34: 491 | C34: 0.25 | D34: 0.85 | E34: 0.5 | F34: 0.5 | G34: 4000 | H34: 0 | I34: =139*0.924224 -> 128.46714 | J34: 8 | K34: =G34*B34*D34 -> 1669400 | L34: =Parameter!F30 -> 403 | M34: 403
A36: Parameters linked to the chargers
B37: Charger | C37: Charging efficiency | D37: Charging power (kW) | E37: Discharging efficiency | F37: Discharging power (kW)
A38: Overnight | B38: D0.1 | C38: 0.92 | D38: 150 | E38: 0.92 | F38: =0.8*D38 -> 120
B39: D0.2 | C39: 0.92 | D39: 150 | E39: 0.92 | F39: =0.8*D39 -> 120
B40: D0.3 | C40: 0.92 | D40: 150 | E40: 0.92 | F40: =0.8*D40 -> 120
A41: Terminal 1 | B41: D1.1 | C41: 0.92 | D41: 300 | E41: 0.92 | F41: =0.8*D41 -> 240
B42: D1.2 | C42: 0.92 | D42: 300 | E42: 0.92 | F42: =0.8*D42 -> 240
A43: Terminal 2 | B43: D2.1 | C43: 0.92 | D43: 300 | E43: 0.92 | F43: =0.8*D43 -> 240
B44: D2.2 | C44: 0.92 | D44: 300 | E44: 0.92 | F44: =0.8*D44 -> 240
A46: Parameters linked to the depots/terminals
B47: Storage capacity of ESS | C47: PV panels surface (m^2)
A48: Terminal 1 | B48: 0 | C48: 0
A49: Terminal 2 | B49: 0 | C49: 0
A50: Overnight | B50: 1228 | C50: 1876.6
B60: D0.4 | C60: 0.92 | D60: 150 | E60: 0.92 | F60: =0.8*D60 -> 120
B61: D0.5 | C61: 0.92 | D61: 150 | E61: 0.92 | F61: =0.8*D61 -> 120
B62: D0.6 | C62: 0.92 | D62: 150 | E62: 0.92 | F62: =0.8*D62 -> 120
B63: D0.7 | C63: 0.92 | D63: 150 | E63: 0.92 | F63: =0.8*D63 -> 120
B64: D0.8 | C64: 0.92 | D64: 150 | E64: 0.92 | F64: =0.8*D64 -> 120
B65: D0.9 | C65: 0.92 | D65: 150 | E65: 0.92 | F65: =0.8*D65 -> 120
B66: D0.10 | C66: 0.92 | D66: 150 | E66: 0.92 | F66: =0.8*D66 -> 120
B67: D0.11 | C67: 0.92 | D67: 150 | E67: 0.92 | F67: =0.8*D67 -> 120
B68: D0.12 | C68: 0.92 | D68: 150 | E68: 0.92 | F68: =0.8*D68 -> 120
B69: D0.13 | C69: 0.92 | D69: 150 | E69: 0.92 | F69: =0.8*D69 -> 120
B70: D0.14 | C70: 0.92 | D70: 150 | E70: 0.92 | F70: =0.8*D70 -> 120
B71: D0.15 | C71: 0.92 | D71: 150 | E71: 0.92 | F71: =0.8*D71 -> 120
... B80: D0.24 | C80: 0.92 | D80: 150 | E80: 0.92 | F80: =0.8*D80 -> 120

Sheet Bus 53 and 46
E2: =F8*32 -> 38.779904
A3: Line 53 | J3: Line 53: WS --> HM | S3: Line 46: WS --> P | AA3: Line 46: P --> WS
A4: Distance of line (km) | B4: 14.4 | J4: Distance of line (km) | K4: 14.4 | S4: Distance length (km) | T4: =9.4+5*0.421 -> 11.505 | AA4: Distance length (km) | AB4: =9.4+5*0.421 -> 11.505
A6: Hopital Militaire (Departure) | B6: Westland Shopping (Arrival) | C6: Departure depot | D6: Time taken to travel from start to end (hrs) | E6: Avg speed (km/h) | F6: Avg consumption (kWh/km) | G6: Consumption of trip (kWh) | J6: WESTLAND SHOPPING | K6: HOP. MILITAIRE | L6: Departure Depot | M6: Time taken to travel from start to end (hrs) | N6: Avg speed (km/h) | O6: Avg consumption (kWh/km) | P6: Consumption of trip (kWh) | S6: WESTLAND SHOPPING | T6: PANNENHUIS | U6: Time taken to travel from start to end (hrs) | V6: Avg speed (km/h) | W6: Avg consumption (kWh/km) | X6: Consumption of trip (kWh) | AA6: PANNENHUIS | AB6: WESTLAND SHOPPING | AC6: Time taken to travel from start to end (hrs) | AD6: Avg speed (km/h) | AE6: Avg consumption (kWh/km) | AF6: Consumption of trip (kWh)
A7: 0.21458333 | B7: 0.24305556 | C7: D2 | D7: =24*(B7-A7) -> 0.68333333 | E7: =$K$4/D7 -> 21.073171 | F7: =0.01005*E7^2-0.3113*E7+3.484 -> 1.3869111 | G7: =F7*$K$4 -> 19.97152 | H7: 501 | J7: 0.22847222 | K7: 0.25694444 | L7: D2 | M7: =24*(K7-J7) -> 0.68333333 | N7: =$K$4/M7 -> 21.073171 | O7: =0.01005*N7^2-0.3113*N7+3.484 -> 1.3869111 | P7: =O7*$K$4 -> 19.97152 | Q7: 502 | S7: 5:17 | T7: 5:58 | U7: =(T7-S7)*24 -> 0.68333333 | V7: =$T$4/U7 -> 16.836585 | W7: =0.01005*V7^2-0.3113*V7+3.484 -> 1.0916506 | X7: =W7*$T$4 -> 12.55944 | Y7: 622 | AA7: 5:44 | AB7: 6:17 | AC7: =(AB7-AA7)*24 -> 0.55 | AD7: =$AB$4/AC7 -> 20.918182 | AE7: =0.01005*AD7^2-0.3113*AD7+3.484 -> 1.3697518 | AF7: =$AB$4*AE7 -> 15.758995 | AG7: 503
A8: 0.22083333 | B8: 0.25208333 | C8: D1 | D8: =(B8-A8)*24 -> 0.75 | E8: =$B$4/D8 -> 19.2 | F8: =0.01005*E8^2-0.3113*E8+3.484 -> 1.211872 | G8: =F8*$B$4 -> 17.450957 | H8: 504 | J8: 0.24097222 | K8: 0.26944444 | L8: D2 | M8: =24*(K8-J8) -> 0.68333333 | N8: =$K$4/M8 -> 21.073171 | O8: =0.01005*N8^2-0.3113*N8+3.484 -> 1.3869111 | P8: =O8*$K$4 -> 19.97152 | Q8: 503 | S8: 5:30 | T8: 6:11 | U8: =(T8-S8)*24 -> 0.68333333 | V8: =$T$4/U8 -> 16.836585 | W8: =0.01005*V8^2-0.3113*V8+3.484 -> 1.0916506 | X8: =W8*$T$4 -> 12.55944 | Y8: 623 | AA8: 5:57 | AB8: 6:30 | AC8: =(AB8-AA8)*24 -> 0.55 | AD8: =$AB$4/AC8 -> 20.918182 | AE8: =0.01005*AD8^2-0.3113*AD8+3.484 -> 1.3697518 | AF8: =$AB$4*AE8 -> 15.758995 | AG8: 621
A9: 0.22777778 | B9: 0.25902778 | C9: D1 | D9: =(B9-A9)*24 -> 0.75 | E9: =$B$4/D9 -> 19.2 | F9: =0.01005*E9^2-0.3113*E9+3.484 -> 1.211872 | G9: =F9*$B$4 -> 17.450957 | H9: 506 | J9: 0.25138889 | K9: 0.28055556 | L9: D2 | M9: =24*(K9-J9) -> 0.7 | N9: =$K$4/M9 -> 20.571429 | O9: =0.01005*N9^2-0.3113*N9+3.484 -> 1.3331102 | P9: =O9*$K$4 -> 19.196787 | Q9: 505 | S9: 5:42 | T9: 6:23 | U9: =(T9-S9)*24 -> 0.68333333 | V9: =$T$4/U9 -> 16.836585 | W9: =0.01005*V9^2-0.3113*V9+3.484 -> 1.0916506 | X9: =W9*$T$4 -> 12.55944 | Y9: 501 | AA9: 6:09 | AB9: 6:43 | AC9: =(AB9-AA9)*24 -> 0.56666667 | AD9: =$AB$4/AC9 -> 20.302941 | AE9: =0.01005*AD9^2-0.3113*AD9+3.484 -> 1.3063991 | AF9: =$AB$4*AE9 -> 15.030121 | AG9: 622
A10: 0.22847222 | B10: 0.25694444 | C10: D2 | D10: =24*(B10-A10) -> 0.68333333 | E10: =$K$4/D10 -> 21.073171 | F10: =0.01005*E10^2-0.3113*E10+3.484 -> 1.3869111 | G10: =F10*$K$4 -> 19.97152 | H10: 502 | J10: 0.25972222 | K10: 0.28958333 | L10: D2 | M10: =24*(K10-J10) -> 0.71666667 | N10: =$K$4/M10 -> 20.093023 | O10: =0.01005*N10^2-0.3113*N10+3.484 -> 1.2865242 | P10: =O10*$K$4 -> 18.525948 | Q10: 504 | S10: 5:54 | T10: 6:36 | U10: =(T10-S10)*24 -> 0.7 | V10: =$T$4/U10 -> 16.435714 | W10: =0.01005*V10^2-0.3113*V10+3.484 -> 1.0823958 | X10: =W10*$T$4 -> 12.452964 | Y10: 624 | AA10: 6:20 | AB10: 6:56 | AC10: =(AB10-AA10)*24 -> 0.6 | AD10: =$AB$4/AC10 -> 19.175 | AE10: =0.01005*AD10^2-0.3113*AD10+3.484 -> 1.2100128 | AF10: =$AB$4*AE10 -> 13.921197 | AG10: 505
A11: 0.23472222 | B11: 0.26597222 | C11: D1 | D11: =(B11-A11)*24 -> 0.75 | E11: =$B$4/D11 -> 19.2 | F11: =0.01005*E11^2-0.3113*E11+3.484 -> 1.211872 | G11: =F11*$B$4 -> 17.450957 | H11: 507 | J11: 0.26666667 | K11: 0.29861111 | L11: D2 | M11: =24*(K11-J11) -> 0.76666667 | N11: =$K$4/M11 -> 18.782609 | O11: =0.01005*N11^2-0.3113*N11+3.484 -> 1.1824771 | P11: =O11*$K$4 -> 17.027671 | Q11: 506 | S11: 6:06 | T11: 6:49 | U11: =(T11-S11)*24 -> 0.71666667 | V11: =$T$4/U11 -> 16.053488 | W11: =0.01005*V11^2-0.3113*V11+3.484 -> 1.0765797 | X11: =W11*$T$4 -> 12.386049 | Y11: 504 | AA11: 6:31 | AB11: 7:09 | AC11: =(AB11-AA11)*24 -> 0.63333333 | AD11: =$AB$4/AC11 -> 18.165789 | AE11: =0.01005*AD11^2-0.3113*AD11+3.484 -> 1.1454486 | AF11: =$AB$4*AE11 -> 13.178386 | AG11: 623
A12: 0.24097222 | B12: 0.27222222 | C12: D1 | D12: =(B12-A12)*24 -> 0.75 | E12: =$B$4/D12 -> 19.2 | F12: =0.01005*E12^2-0.3113*E12+3.484 -> 1.211872 | G12: =F12*$B$4 -> 17.450957 | H12: 508 | J12: 0.27361111 | K12: 0.30763889 | L12: D2 | M12: =24*(K12-J12) -> 0.81666667 | N12: =$K$4/M12 -> 17.632653 | O12: =0.01005*N12^2-0.3113*N12+3.484 -> 1.1196052 | P12: =O12*$K$4 -> 16.122314 | Q12: 507 | S12: - | T12: 6:57 | U12: =(T12-S12)*24 -> #VALUE! | V12: =$T$4/U12 -> #VALUE! | W12: =0.01005*V12^2-0.3113*V12+3.484 -> #VALUE! | X12: =W12*$T$4 -> #VALUE! | Y12: 625 | AA12: 6:39 | AB12: 7:19 | AC12: =(AB12-AA12)*24 -> 0.66666667 | AD12: =$AB$4/AC12 -> 17.2575 | AE12: =0.01005*AD12^2-0.3113*AD12+3.484 -> 1.1048444 | AF12: =$AB$4*AE12 -> 12.711235 | AG12: 501
A13: 0.24097222 | B13: 0.26944444 | C13: D2 | D13: =24*(B13-A13) -> 0.68333333 | E13: =$K$4/D13 -> 21.073171 | F13: =0.01005*E13^2-0.3113*E13+3.484 -> 1.3869111 | G13: =F13*$K$4 -> 19.97152 | H13: 503 | J13: 0.27986111 | K13: 0.31458333 | L13: D2 | M13: =24*(K13-J13) -> 0.83333333 | N13: =$K$4/M13 -> 17.28 | O13: =0.01005*N13^2-0.3113*N13+3.484 -> 1.1056499 | P13: =O13*$K$4 -> 15.921359 | Q13: 508 | S13: 6:18 | T13: 7:03 | U13: =(T13-S13)*24 -> 0.75 | V13: =$T$4/U13 -> 15.34 | W13: =0.01005*V13^2-0.3113*V13+3.484 -> 1.0735798 | X13: =W13*$T$4 -> 12.351535 | Y13: 502 | AA13: 6:47 | AB13: 7:28 | AC13: =(AB13-AA13)*24 -> 0.68333333 | AD13: =$AB$4/AC13 -> 16.836585 | AE13: =0.01005*AD13^2-0.3113*AD13+3.484 -> 1.0916506 | AF13: =$AB$4*AE13 -> 12.55944 | AG13: 508
A14: 0.24513889 | B14: 0.27638889 | C14: D1 | D14: =(B14-A14)*24 -> 0.75 | E14: =$B$4/D14 -> 19.2 | F14: =0.01005*E14^2-0.3113*E14+3.484 -> 1.211872 | G14: =F14*$B$4 -> 17.450957 | H14: 509 | J14: 0.28541667 | K14: 0.32083333 | L14: D2 | M14: =24*(K14-J14) -> 0.85 | N14: =$K$4/M14 -> 16.941176 | O14: =0.01005*N14^2-0.3113*N14+3.484 -> 1.0945965 | P14: =O14*$K$4 -> 15.76219 | Q14: 509 | S14: 6:28 | T14: 7:13 | U14: =(T14-S14)*24 -> 0.75 | V14: =$T$4/U14 -> 15.34 | W14: =0.01005*V14^2-0.3113*V14+3.484 -> 1.0735798 | X14: =W14*$T$4 -> 12.351535 | Y14: 503 | AA14: 6:54 | AB14: 7:36 | AC14: =(AB14-AA14)*24 -> 0.7 | AD14: =$AB$4/AC14 -> 16.435714 | AE14: =0.01005*AD14^2-0.3113*AD14+3.484 -> 1.0823958 | AF14: =$AB$4*AE14 -> 12.452964 | AG14: 624
A15: 0.24930556 | B15: 0.28125 | C15: D1 | D15: =(B15-A15)*24 -> 0.76666667 | E15: =$B$4/D15 -> 18.782609 | F15: =0.01005*E15^2-0.3113*E15+3.484 -> 1.1824771 | G15: =F15*$B$4 -> 17.027671 | H15: 510 | J15: 0.29027778 | K15: 0.32638889 | L15: D2 | M15: =24*(K15-J15) -> 0.86666667 | N15: =$K$4/M15 -> 16.615385 | O15: =0.01005*N15^2-0.3113*N15+3.484 -> 1.0861444 | P15: =O15*$K$4 -> 15.640479 | Q15: 510 | S15: 6:37 | T15: 7:24 | U15: =(T15-S15)*24 -> 0.78333333 | V15: =$T$4/U15 -> 14.687234 | W15: =0.01005*V15^2-0.3113*V15+3.484 -> 1.0797982 | X15: =W15*$T$4 -> 12.423079 | Y15: 506 | AA15: 7:01 | AB15: 7:44 | AC15: =(AB15-AA15)*24 -> 0.71666667 | AD15: =$AB$4/AC15 -> 16.053488 | AE15: =0.01005*AD15^2-0.3113*AD15+3.484 -> 1.0765797 | AF15: =$AB$4*AE15 -> 12.386049 | AG15: 510
A16: 0.25138889 | B16: 0.28055556 | C16: D2 | D16: =24*(B16-A16) -> 0.7 | E16: =$K$4/D16 -> 20.571429 | F16: =0.01005*E16^2-0.3113*E16+3.484 -> 1.3331102 | G16: =F16*$K$4 -> 19.196787 | H16: 505 | J16: 0.29513889 | K16: 0.33263889 | L16: D2 | M16: =24*(K16-J16) -> 0.9 | N16: =$K$4/M16 -> 16 | O16: =0.01005*N16^2-0.3113*N16+3.484 -> 1.076 | P16: =O16*$K$4 -> 15.4944 | Q16: 501 | S16: 6:44 | T16: 7:32 | U16: =(T16-S16)*24 -> 0.8 | V16: =$T$4/U16 -> 14.38125 | W16: =0.01005*V16^2-0.3113*V16+3.484 -> 1.0856614 | X16: =W16*$T$4 -> 12.490535 | Y16: 621 | AA16: 7:07 | AB16: 7:51 | AC16: =(AB16-AA16)*24 -> 0.73333333 | AD16: =$AB$4/AC16 -> 15.688636 | AE16: =0.01005*AD16^2-0.3113*AD16+3.484 -> 1.0737673 | AF16: =$AB$4*AE16 -> 12.353692 | AG16: 504
A17: 0.25347222 | B17: 0.28541667 | C17: D1 | D17: =(B17-A17)*24 -> 0.76666667 | E17: =$B$4/D17 -> 18.782609 | F17: =0.01005*E17^2-0.3113*E17+3.484 -> 1.1824771 | G17: =F17*$B$4 -> 17.027671 | H17: 501 | J17: 0.30069444 | K17: 0.33958333 | L17: D2 | M17: =24*(K17-J17) -> 0.93333333 | N17: =$K$4/M17 -> 15.428571 | O17: =0.01005*N17^2-0.3113*N17+3.484 -> 1.0733959 | P17: =O17*$K$4 -> 15.456901 | Q17: 511 | S17: 6:51 | T17: 7:40 | U17: =(T17-S17)*24 -> 0.81666667 | V17: =$T$4/U17 -> 14.087755 | W17: =0.01005*V17^2-0.3113*V17+3.484 -> 1.0930535 | X17: =W17*$T$4 -> 12.575581 | Y17: 622 | AA17: 7:14 | AB17: 7:59 | AC17: =(AB17-AA17)*24 -> 0.75 | AD17: =$AB$4/AC17 -> 15.34 | AE17: =0.01005*AD17^2-0.3113*AD17+3.484 -> 1.0735798 | AF17: =$AB$4*AE17 -> 12.351535 | AG17: 512
A18: 0.25763889 | B18: 0.29097222 | C18: D1 | D18: =(B18-A18)*24 -> 0.8 | E18: =$B$4/D18 -> 18 | F18: =0.01005*E18^2-0.3113*E18+3.484 -> 1.1368 | G18: =F18*$B$4 -> 16.36992 | H18: 511 | J18: 0.30555556 | K18: 0.34583333 | L18: D2 | M18: =24*(K18-J18) -> 0.96666667 | N18: =$K$4/M18 -> 14.896552 | O18: =0.01005*N18^2-0.3113*N18+3.484 -> 1.0768713 | P18: =O18*$K$4 -> 15.506947 | Q18: 512 | S18: 6:58 | T18: 7:48 | U18: =(T18-S18)*24 -> 0.83333333 | V18: =$T$4/U18 -> 13.806 | W18: =0.01005*V18^2-0.3113*V18+3.484 -> 1.1017788 | X18: =W18*$T$4 -> 12.675966 | Y18: 507 | AA18: 7:18 | AB18: 8:06 | AC18: =(AB18-AA18)*24 -> 0.8 | AD18: =$AB$4/AC18 -> 14.38125 | AE18: =0.01005*AD18^2-0.3113*AD18+3.484 -> 1.0856614 | AF18: =$AB$4*AE18 -> 12.490535 | AG18: 625
A19: 0.25972222 | B19: 0.28958333 | C19: D2 | D19: =24*(B19-A19) -> 0.71666667 | E19: =$K$4/D19 -> 20.093023 | F19: =0.01005*E19^2-0.3113*E19+3.484 -> 1.2865242 | G19: =F19*$K$4 -> 18.525948 | H19: 504 | J19: 0.30972222 | K19: 0.35138889 | L19: D2 | M19: =24*(K19-J19) -> 1 | N19: =$K$4/M19 -> 14.4 | O19: =0.01005*N19^2-0.3113*N19+3.484 -> 1.085248 | P19: =O19*$K$4 -> 15.627571 | Q19: 502 | S19: 7:04 | T19: 7:56 | U19: =(T19-S19)*24 -> 0.86666667 | V19: =$T$4/U19 -> 13.275 | W19: =0.01005*V19^2-0.3113*V19+3.484 -> 1.12256 | X19: =W19*$T$4 -> 12.915053 | Y19: 505 | AA19: 7:24 | AB19: 8:13 | AC19: =(AB19-AA19)*24 -> 0.81666667 | AD19: =$AB$4/AC19 -> 14.087755 | AE19: =0.01005*AD19^2-0.3113*AD19+3.484 -> 1.0930535 | AF19: =$AB$4*AE19 -> 12.575581 | AG19: 502
A20: 0.2625 | B20: 0.29583333 | C20: D1 | D20: =(B20-A20)*24 -> 0.8 | E20: =$B$4/D20 -> 18 | F20: =0.01005*E20^2-0.3113*E20+3.484 -> 1.1368 | G20: =F20*$B$4 -> 16.36992 | H20: 512 | J20: 0.31458333 | K20: 0.35694444 | L20: D2 | M20: =24*(K20-J20) -> 1.0166667 | N20: =$K$4/M20 -> 14.163934 | O20: =0.01005*N20^2-0.3113*N20+3.484 -> 1.0909684 | P20: =O20*$K$4 -> 15.709946 | Q20: 513 | S20: - | T20: 8:01 | U20: =(T20-S20)*24 -> #VALUE! | V20: =$T$4/U20 -> #VALUE! | W20: =0.01005*V20^2-0.3113*V20+3.484 -> #VALUE! | X20: =W20*$T$4 -> #VALUE! | Y20: 626 | AA20: 7:30 | AB20: 8:21 | AC20: =(AB20-AA20)*24 -> 0.85 | AD20: =$AB$4/AC20 -> 13.535294 | AE20: =0.01005*AD20^2-0.3113*AD20+3.484 -> 1.111665 | AF20: =$AB$4*AE20 -> 12.789706 | AG20: 503
A21: 0.26597222 | B21: 0.3 | C21: D1 | D21: =(B21-A21)*24 -> 0.81666667 | E21: =$B$4/D21 -> 17.632653 | F21: =0.01005*E21^2-0.3113*E21+3.484 -> 1.1196052 | G21: =F21*$B$4 -> 16.122314 | H21: 502 | J21: 0.31875 | K21: 0.36319444 | L21: D2 | M21: =24*(K21-J21) -> 1.0666667 | N21: =$K$4/M21 -> 13.5 | O21: =0.01005*N21^2-0.3113*N21+3.484 -> 1.1130625 | P21: =O21*$K$4 -> 16.0281 | Q21: 514 | S21: 7:12 | T21: 8:05 | U21: =(T21-S21)*24 -> 0.88333333 | V21: =$T$4/U21 -> 13.024528 | W21: =0.01005*V21^2-0.3113*V21+3.484 -> 1.1343296 | X21: =W21*$T$4 -> 13.050462 | Y21: 509 | AA21: 7:37 | AB21: 8:28 | AC21: =(AB21-AA21)*24 -> 0.85 | AD21: =$AB$4/AC21 -> 13.535294 | AE21: =0.01005*AD21^2-0.3113*AD21+3.484 -> 1.111665 | AF21: =$AB$4*AE21 -> 12.789706 | AG21: 513
A22: 0.26666667 | B22: 0.29861111 | C22: D2 | D22: =24*(B22-A22) -> 0.76666667 | E22: =$K$4/D22 -> 18.782609 | F22: =0.01005*E22^2-0.3113*E22+3.484 -> 1.1824771 | G22: =F22*$K$4 -> 17.027671 | H22: 506 | J22: 0.32430556 | K22: 0.36805556 | L22: D2 | M22: =24*(K22-J22) -> 1.05 | N22: =$K$4/M22 -> 13.714286 | O22: =0.01005*N22^2-0.3113*N22+3.484 -> 1.1049633 | P22: =O22*$K$4 -> 15.911471 | Q22: 515 | S22: 7:19 | T22: 8:14 | U22: =(T22-S22)*24 -> 0.91666667 | V22: =$T$4/U22 -> 12.550909 | W22: =0.01005*V22^2-0.3113*V22+3.484 -> 1.1600315 | X22: =W22*$T$4 -> 13.346162 | Y22: 623 | AA22: 7:44 | AB22: 8:36 | AC22: =(AB22-AA22)*24 -> 0.86666667 | AD22: =$AB$4/AC22 -> 13.275 | AE22: =0.01005*AD22^2-0.3113*AD22+3.484 -> 1.12256 | AF22: =$AB$4*AE22 -> 12.915053 | AG22: 506
A23: 0.27083333 | B23: 0.30486111 | C23: D1 | D23: =(B23-A23)*24 -> 0.81666667 | E23: =$B$4/D23 -> 17.632653 | F23: =0.01005*E23^2-0.3113*E23+3.484 -> 1.1196052 | G23: =F23*$B$4 -> 16.122314 | H23: 513 | J23: 0.32986111 | K23: 0.37291667 | L23: D2 | M23: =24*(K23-J23) -> 1.0333333 | N23: =$K$4/M23 -> 13.935484 | O23: =0.01005*N23^2-0.3113*N23+3.484 -> 1.0975709 | P23: =O23*$K$4 -> 15.80502 | Q23: 503 | S23: 7:27 | T23: 8:23 | U23: =(T23-S23)*24 -> 0.93333333 | V23: =$T$4/U23 -> 12.326786 | W23: =0.01005*V23^2-0.3113*V23+3.484 -> 1.1737655 | X23: =W23*$T$4 -> 13.504173 | Y23: 511 | AA23: 7:51 | AB23: 8:43 | AC23: =(AB23-AA23)*24 -> 0.86666667 | AD23: =$AB$4/AC23 -> 13.275 | AE23: =0.01005*AD23^2-0.3113*AD23+3.484 -> 1.12256 | AF23: =$AB$4*AE23 -> 12.915053 | AG23: 621
A24: 0.27361111 | B24: 0.30763889 | C24: D2 | D24: =24*(B24-A24) -> 0.81666667 | E24: =$K$4/D24 -> 17.632653 | F24: =0.01005*E24^2-0.3113*E24+3.484 -> 1.1196052 | G24: =F24*$K$4 -> 16.122314 | H24: 507 | J24: 0.33402778 | K24: 0.37847222 | L24: D2 | M24: =24*(K24-J24) -> 1.0666667 | N24: =$K$4/M24 -> 13.5 | O24: =0.01005*N24^2-0.3113*N24+3.484 -> 1.1130625 | P24: =O24*$K$4 -> 16.0281 | Q24: 516 | S24: 7:33 | T24: 8:30 | U24: =(T24-S24)*24 -> 0.95 | V24: =$T$4/U24 -> 12.110526 | W24: =0.01005*V24^2-0.3113*V24+3.484 -> 1.1879749 | X24: =W24*$T$4 -> 13.667651 | Y24: 501 | AA24: 7:59 | AB24: 8:51 | AC24: =(AB24-AA24)*24 -> 0.86666667 | AD24: =$AB$4/AC24 -> 13.275 | AE24: =0.01005*AD24^2-0.3113*AD24+3.484 -> 1.12256 | AF24: =$AB$4*AE24 -> 12.915053 | AG24: 622
A25: 0.27430556 | B25: 0.30902778 | C25: D1 | D25: =(B25-A25)*24 -> 0.83333333 | E25: =$B$4/D25 -> 17.28 | F25: =0.01005*E25^2-0.3113*E25+3.484 -> 1.1056499 | G25: =F25*$B$4 -> 15.921359 | H25: 514 | J25: 0.33958333 | K25: 0.38402778 | L25: D2 | M25: =24*(K25-J25) -> 1.0666667 | N25: =$K$4/M25 -> 13.5 | O25: =0.01005*N25^2-0.3113*N25+3.484 -> 1.1130625 | P25: =O25*$K$4 -> 16.0281 | Q25: 505 | S25: 7:41 | T25: 8:39 | U25: =(T25-S25)*24 -> 0.96666667 | V25: =$T$4/U25 -> 11.901724 | W25: =0.01005*V25^2-0.3113*V25+3.484 -> 1.2025862 | X25: =W25*$T$4 -> 13.835754 | Y25: 508 | AA25: 8:05 | AB25: 8:58 | AC25: =(AB25-AA25)*24 -> 0.88333333 | AD25: =$AB$4/AC25 -> 13.024528 | AE25: =0.01005*AD25^2-0.3113*AD25+3.484 -> 1.1343296 | AF25: =$AB$4*AE25 -> 13.050462 | AG25: 507
A26: 0.27847222 | B26: 0.31458333 | C26: D1 | D26: =(B26-A26)*24 -> 0.86666667 | E26: =$B$4/D26 -> 16.615385 | F26: =0.01005*E26^2-0.3113*E26+3.484 -> 1.0861444 | G26: =F26*$B$4 -> 15.640479 | H26: 515 | J26: 0.34513889 | K26: 0.38888889 | L26: D2 | M26: =24*(K26-J26) -> 1.05 | N26: =$K$4/M26 -> 13.714286 | O26: =0.01005*N26^2-0.3113*N26+3.484 -> 1.1049633 | P26: =O26*$K$4 -> 15.911471 | Q26: 517 | S26: 7:49 | T26: 8:48 | U26: =(T26-S26)*24 -> 0.98333333 | V26: =$T$4/U26 -> 11.7 | W26: =0.01005*V26^2-0.3113*V26+3.484 -> 1.2175345 | X26: =W26*$T$4 -> 14.007734 | Y26: 624 | AA26: 8:13 | AB26: 9:06 | AC26: =(AB26-AA26)*24 -> 0.88333333 | AD26: =$AB$4/AC26 -> 13.024528 | AE26: =0.01005*AD26^2-0.3113*AD26+3.484 -> 1.1343296 | AF26: =$AB$4*AE26 -> 13.050462 | AG26: 505
A27: 0.27986111 | B27: 0.31458333 | C27: D2 | D27: =24*(B27-A27) -> 0.83333333 | E27: =$K$4/D27 -> 17.28 | F27: =0.01005*E27^2-0.3113*E27+3.484 -> 1.1056499 | G27: =F27*$K$4 -> 15.921359 | H27: 508 | J27: 0.35138889 | K27: 0.39444444 | L27: D2 | M27: =24*(K27-J27) -> 1.0333333 | N27: =$K$4/M27 -> 13.935484 | O27: =0.01005*N27^2-0.3113*N27+3.484 -> 1.0975709 | P27: =O27*$K$4 -> 15.80502 | Q27: 518 | S27: 7:57 | T27: 8:56 | U27: =(T27-S27)*24 -> 0.98333333 | V27: =$T$4/U27 -> 11.7 | W27: =0.01005*V27^2-0.3113*V27+3.484 -> 1.2175345 | X27: =W27*$T$4 -> 14.007734 | Y27: 510 | AA27: 8:20 | AB27: 9:13 | AC27: =(AB27-AA27)*24 -> 0.88333333 | AD27: =$AB$4/AC27 -> 13.024528 | AE27: =0.01005*AD27^2-0.3113*AD27+3.484 -> 1.1343296 | AF27: =$AB$4*AE27 -> 13.050462 | AG27: 626
A28: 0.28194444 | B28: 0.31875 | C28: D1 | D28: =(B28-A28)*24 -> 0.88333333 | E28: =$B$4/D28 -> 16.301887 | F28: =0.01005*E28^2-0.3113*E28+3.484 -> 1.0800253 | G28: =F28*$B$4 -> 15.552365 | H28: 503 | J28: 0.35833333 | K28: 0.4 | L28: D2 | M28: =24*(K28-J28) -> 1 | N28: =$K$4/M28 -> 14.4 | O28: =0.01005*N28^2-0.3113*N28+3.484 -> 1.085248 | P28: =O28*$K$4 -> 15.627571 | Q28: 504 | S28: 8:03 | T28: 9:03 | U28: =(T28-S28)*24 -> 1 | V28: =$T$4/U28 -> 11.505 | W28: =0.01005*V28^2-0.3113*V28+3.484 -> 1.232762 | X28: =W28*$T$4 -> 14.182927 | Y28: 504 | AA28: 8:28 | AB28: 9:21 | AC28: =(AB28-AA28)*24 -> 0.88333333 | AD28: =$AB$4/AC28 -> 13.024528 | AE28: =0.01005*AD28^2-0.3113*AD28+3.484 -> 1.1343296 | AF28: =$AB$4*AE28 -> 13.050462 | AG28: 509
A29: 0.28541667 | B29: 0.32083333 | C29: D2 | D29: =24*(B29-A29) -> 0.85 | E29: =$K$4/D29 -> 16.941176 | F29: =0.01005*E29^2-0.3113*E29+3.484 -> 1.0945965 | G29: =F29*$K$4 -> 15.76219 | H29: 509 | J29: 0.36458333 | K29: 0.40416667 | L29: D2 | M29: =24*(K29-J29) -> 0.95 | N29: =$K$4/M29 -> 15.157895 | O29: =0.01005*N29^2-0.3113*N29+3.484 -> 1.0744532 | P29: =O29*$K$4 -> 15.472126 | Q29: 506 | S29: 8:11 | T29: 9:11 | U29: =(T29-S29)*24 -> 1 | V29: =$T$4/U29 -> 11.505 | W29: =0.01005*V29^2-0.3113*V29+3.484 -> 1.232762 | X29: =W29*$T$4 -> 14.182927 | Y29: 512 | AA29: 8:36 | AB29: 9:27 | AC29: =(AB29-AA29)*24 -> 0.85 | AD29: =$AB$4/AC29 -> 13.535294 | AE29: =0.01005*AD29^2-0.3113*AD29+3.484 -> 1.111665 | AF29: =$AB$4*AE29 -> 12.789706 | AG29: 623
A30: 0.28680556 | B30: 0.32361111 | C30: D1 | D30: =(B30-A30)*24 -> 0.88333333 | E30: =$B$4/D30 -> 16.301887 | F30: =0.01005*E30^2-0.3113*E30+3.484 -> 1.0800253 | G30: =F30*$B$4 -> 15.552365 | H30: 516 | J30: 0.37083333 | K30: 0.40902778 | L30: D2 | M30: =24*(K30-J30) -> 0.91666667 | N30: =$K$4/M30 -> 15.709091 | O30: =0.01005*N30^2-0.3113*N30+3.484 -> 1.0738541 | P30: =O30*$K$4 -> 15.4635 | Q30: 519 | S30: 8:18 | T30: 9:18 | U30: =(T30-S30)*24 -> 1 | V30: =$T$4/U30 -> 11.505 | W30: =0.01005*V30^2-0.3113*V30+3.484 -> 1.232762 | X30: =W30*$T$4 -> 14.182927 | Y30: 625 | AA30: 8:44 | AB30: 9:35 | AC30: =(AB30-AA30)*24 -> 0.85 | AD30: =$AB$4/AC30 -> 13.535294 | AE30: =0.01005*AD30^2-0.3113*AD30+3.484 -> 1.111665 | AF30: =$AB$4*AE30 -> 12.789706 | AG30: 511
A31: 0.29027778 | B31: 0.32638889 | C31: D2 | D31: =24*(B31-A31) -> 0.86666667 | E31: =$K$4/D31 -> 16.615385 | F31: =0.01005*E31^2-0.3113*E31+3.484 -> 1.0861444 | G31: =F31*$K$4 -> 15.640479 | H31: 510 | J31: 0.37708333 | K31: 0.41388889 | L31: D2 | M31: =24*(K31-J31) -> 0.88333333 | N31: =$K$4/M31 -> 16.301887 | O31: =0.01005*N31^2-0.3113*N31+3.484 -> 1.0800253 | P31: =O31*$K$4 -> 15.552365 | Q31: 507 | S31: 8:26 | T31: 9:26 | U31: =(T31-S31)*24 -> 1 | V31: =$T$4/U31 -> 11.505 | W31: =0.01005*V31^2-0.3113*V31+3.484 -> 1.232762 | X31: =W31*$T$4 -> 14.182927 | Y31: 502 | AA31: 8:51 | AB31: 9:42 | AC31: =(AB31-AA31)*24 -> 0.85 | AD31: =$AB$4/AC31 -> 13.535294 | AE31: =0.01005*AD31^2-0.3113*AD31+3.484 -> 1.111665 | AF31: =$AB$4*AE31 -> 12.789706 | AG31: 501
A32: 0.29166667 | B32: 0.32986111 | C32: D1 | D32: =(B32-A32)*24 -> 0.91666667 | E32: =$B$4/D32 -> 15.709091 | F32: =0.01005*E32^2-0.3113*E32+3.484 -> 1.0738541 | G32: =F32*$B$4 -> 15.4635 | H32: 505 | J32: 0.38194444 | K32: 0.41875 | L32: D2 | M32: =24*(K32-J32) -> 0.88333333 | N32: =$K$4/M32 -> 16.301887 | O32: =0.01005*N32^2-0.3113*N32+3.484 -> 1.0800253 | P32: =O32*$K$4 -> 15.552365 | Q32: 508 | S32: 8:33 | T32: 9:33 | U32: =(T32-S32)*24 -> 1 | V32: =$T$4/U32 -> 11.505 | W32: =0.01005*V32^2-0.3113*V32+3.484 -> 1.232762 | X32: =W32*$T$4 -> 14.182927 | Y32: 503 | AA32: 8:59 | AB32: 9:50 | AC32: =(AB32-AA32)*24 -> 0.85 | AD32: =$AB$4/AC32 -> 13.535294 | AE32: =0.01005*AD32^2-0.3113*AD32+3.484 -> 1.111665 | AF32: =$AB$4*AE32 -> 12.789706 | AG32: 508
A33: 0.29513889 | B33: 0.33263889 | C33: D2 | D33: =24*(B33-A33) -> 0.9 | E33: =$K$4/D33 -> 16 | F33: =0.01005*E33^2-0.3113*E33+3.484 -> 1.076 | G33: =F33*$K$4 -> 15.4944 | H33: 501 | J33: 0.38680556 | K33: 0.42291667 | L33: D2 | M33: =24*(K33-J33) -> 0.86666667 | N33: =$K$4/M33 -> 16.615385 | O33: =0.01005*N33^2-0.3113*N33+3.484 -> 1.0861444 | P33: =O33*$K$4 -> 15.640479 | Q33: 520 | S33: 8:40 | T33: 9:39 | U33: =(T33-S33)*24 -> 0.98333333 | V33: =$T$4/U33 -> 11.7 | W33: =0.01005*V33^2-0.3113*V33+3.484 -> 1.2175345 | X33: =W33*$T$4 -> 14.007734 | Y33: 513 | AA33: 9:05 | AB33: 9:57 | AC33: =(AB33-AA33)*24 -> 0.86666667 | AD33: =$AB$4/AC33 -> 13.275 | AE33: =0.01005*AD33^2-0.3113*AD33+3.484 -> 1.12256 | AF33: =$AB$4*AE33 -> 12.915053 | AG33: 624
A34: 0.29652778 | B34: 0.33541667 | C34: D1 | D34: =(B34-A34)*24 -> 0.93333333 | E34: =$B$4/D34 -> 15.428571 | F34: =0.01005*E34^2-0.3113*E34+3.484 -> 1.0733959 | G34: =F34*$B$4 -> 15.456901 | H34: 517 | J34: 0.39236111 | K34: 0.42777778 | L34: D2 | M34: =24*(K34-J34) -> 0.85 | N34: =$K$4/M34 -> 16.941176 | O34: =0.01005*N34^2-0.3113*N34+3.484 -> 1.0945965 | P34: =O34*$K$4 -> 15.76219 | Q34: 509 | S34: 8:47 | T34: 9:45 | U34: =(T34-S34)*24 -> 0.96666667 | V34: =$T$4/U34 -> 11.901724 | W34: =0.01005*V34^2-0.3113*V34+3.484 -> 1.2025862 | X34: =W34*$T$4 -> 13.835754 | Y34: 506 | AA34: 9:13 | AB34: 10:05 | AC34: =(AB34-AA34)*24 -> 0.86666667 | AD34: =$AB$4/AC34 -> 13.275 | AE34: =0.01005*AD34^2-0.3113*AD34+3.484 -> 1.12256 | AF34: =$AB$4*AE34 -> 12.915053 | AG34: 510
A35: 0.30069444 | B35: 0.34166667 | C35: D1 | D35: =(B35-A35)*24 -> 0.98333333 | E35: =$B$4/D35 -> 14.644068 | F35: =0.01005*E35^2-0.3113*E35+3.484 -> 1.0805113 | G35: =F35*$B$4 -> 15.559363 | H35: 518 | J35: 0.39722222 | K35: 0.43194444 | L35: D2 | M35: =24*(K35-J35) -> 0.83333333 | N35: =$K$4/M35 -> 17.28 | O35: =0.01005*N35^2-0.3113*N35+3.484 -> 1.1056499 | P35: =O35*$K$4 -> 15.921359 | Q35: 510 | S35: 8:54 | T35: 9:51 | U35: =(T35-S35)*24 -> 0.95 | V35: =$T$4/U35 -> 12.110526 | W35: =0.01005*V35^2-0.3113*V35+3.484 -> 1.1879749 | X35: =W35*$T$4 -> 13.667651 | Y35: 621 | AA35: 9:21 | AB35: 10:13 | AC35: =(AB35-AA35)*24 -> 0.86666667 | AD35: =$AB$4/AC35 -> 13.275 | AE35: =0.01005*AD35^2-0.3113*AD35+3.484 -> 1.12256 | AF35: =$AB$4*AE35 -> 12.915053 | AG35: 504
A36: 0.30069444 | B36: 0.33958333 | C36: D2 | D36: =24*(B36-A36) -> 0.93333333 | E36: =$K$4/D36 -> 15.428571 | F36: =0.01005*E36^2-0.3113*E36+3.484 -> 1.0733959 | G36: =F36*$K$4 -> 15.456901 | H36: 511 | J36: 0.40208333 | K36: 0.43680556 | L36: D2 | M36: =24*(K36-J36) -> 0.83333333 | N36: =$K$4/M36 -> 17.28 | O36: =0.01005*N36^2-0.3113*N36+3.484 -> 1.1056499 | P36: =O36*$K$4 -> 15.921359 | Q36: 501 | S36: 9:02 | T36: 9:58 | U36: =(T36-S36)*24 -> 0.93333333 | V36: =$T$4/U36 -> 12.326786 | W36: =0.01005*V36^2-0.3113*V36+3.484 -> 1.1737655 | X36: =W36*$T$4 -> 13.504173 | Y36: 622 | AA36: 9:28 | AB36: 10:20 | AC36: =(AB36-AA36)*24 -> 0.86666667 | AD36: =$AB$4/AC36 -> 13.275 | AE36: =0.01005*AD36^2-0.3113*AD36+3.484 -> 1.12256 | AF36: =$AB$4*AE36 -> 12.915053 | AG36: 512
A37: 0.30555556 | B37: 0.34583333 | C37: D2 | D37: =24*(B37-A37) -> 0.96666667 | E37: =$K$4/D37 -> 14.896552 | F37: =0.01005*E37^2-0.3113*E37+3.484 -> 1.0768713 | G37: =F37*$K$4 -> 15.506947 | H37: 512 | J37: 0.40694444 | K37: 0.44166667 | L37: D2 | M37: =24*(K37-J37) -> 0.83333333 | N37: =$K$4/M37 -> 17.28 | O37: =0.01005*N37^2-0.3113*N37+3.484 -> 1.1056499 | P37: =O37*$K$4 -> 15.921359 | Q37: 511 | S37: 9:10 | T37: 10:06 | U37: =(T37-S37)*24 -> 0.93333333 | V37: =$T$4/U37 -> 12.326786 | W37: =0.01005*V37^2-0.3113*V37+3.484 -> 1.1737655 | X37: =W37*$T$4 -> 13.504173 | Y37: 507 | AA37: 9:35 | AB37: 10:28 | AC37: =(AB37-AA37)*24 -> 0.88333333 | AD37: =$AB$4/AC37 -> 13.024528 | AE37: =0.01005*AD37^2-0.3113*AD37+3.484 -> 1.1343296 | AF37: =$AB$4*AE37 -> 13.050462 | AG37: 625
A38: 0.30625 | B38: 0.34861111 | C38: D1 | D38: =(B38-A38)*24 -> 1.0166667 | E38: =$B$4/D38 -> 14.163934 | F38: =0.01005*E38^2-0.3113*E38+3.484 -> 1.0909684 | G38: =F38*$B$4 -> 15.709946 | H38: 504 | J38: 0.41180556 | K38: 0.44652778 | L38: D2 | M38: =24*(K38-J38) -> 0.83333333 | N38: =$K$4/M38 -> 17.28 | O38: =0.01005*N38^2-0.3113*N38+3.484 -> 1.1056499 | P38: =O38*$K$4 -> 15.921359 | Q38: 512 | S38: 9:18 | T38: 10:13 | U38: =(T38-S38)*24 -> 0.91666667 | V38: =$T$4/U38 -> 12.550909 | W38: =0.01005*V38^2-0.3113*V38+3.484 -> 1.1600315 | X38: =W38*$T$4 -> 13.346162 | Y38: 505 | AA38: 9:42 | AB38: 10:35 | AC38: =(AB38-AA38)*24 -> 0.88333333 | AD38: =$AB$4/AC38 -> 13.024528 | AE38: =0.01005*AD38^2-0.3113*AD38+3.484 -> 1.1343296 | AF38: =$AB$4*AE38 -> 13.050462 | AG38: 502
A39: 0.30972222 | B39: 0.35138889 | C39: D2 | D39: =24*(B39-A39) -> 1 | E39: =$K$4/D39 -> 14.4 | F39: =0.01005*E39^2-0.3113*E39+3.484 -> 1.085248 | G39: =F39*$K$4 -> 15.627571 | H39: 502 | J39: 0.41666667 | K39: 0.45138889 | L39: D2 | M39: =24*(K39-J39) -> 0.83333333 | N39: =$K$4/M39 -> 17.28 | O39: =0.01005*N39^2-0.3113*N39+3.484 -> 1.1056499 | P39: =O39*$K$4 -> 15.921359 | Q39: 502 | S39: 9:25 | T39: 10:18 | U39: =(T39-S39)*24 -> 0.88333333 | V39: =$T$4/U39 -> 13.024528 | W39: =0.01005*V39^2-0.3113*V39+3.484 -> 1.1343296 | X39: =W39*$T$4 -> 13.050462 | Y39: 626 | AA39: 9:50 | AB39: 10:43 | AC39: =(AB39-AA39)*24 -> 0.88333333 | AD39: =$AB$4/AC39 -> 13.024528 | AE39: =0.01005*AD39^2-0.3113*AD39+3.484 -> 1.1343296 | AF39: =$AB$4*AE39 -> 13.050462 | AG39: 503
A40: 0.31111111 | B40: 0.35416667 | C40: D1 | D40: =(B40-A40)*24 -> 1.0333333 | E40: =$B$4/D40 -> 13.935484 | F40: =0.01005*E40^2-0.3113*E40+3.484 -> 1.0975709 | G40: =F40*$B$4 -> 15.80502 | H40: 506 | J40: 0.42222222 | K40: 0.45694444 | L40: D2 | M40: =24*(K40-J40) -> 0.83333333 | N40: =$K$4/M40 -> 17.28 | O40: =0.01005*N40^2-0.3113*N40+3.484 -> 1.1056499 | P40: =O40*$K$4 -> 15.921359 | Q40: 514 | S40: 9:33 | T40: 10:26 | U40: =(T40-S40)*24 -> 0.88333333 | V40: =$T$4/U40 -> 13.024528 | W40: =0.01005*V40^2-0.3113*V40+3.484 -> 1.1343296 | X40: =W40*$T$4 -> 13.050462 | Y40: 509 | AA40: 9:58 | AB40: 10:50 | AC40: =(AB40-AA40)*24 -> 0.86666667 | AD40: =$AB$4/AC40 -> 13.275 | AE40: =0.01005*AD40^2-0.3113*AD40+3.484 -> 1.12256 | AF40: =$AB$4*AE40 -> 12.915053 | AG40: 513
A41: 0.31458333 | B41: 0.35694444 | C41: D2 | D41: =24*(B41-A41) -> 1.0166667 | E41: =$K$4/D41 -> 14.163934 | F41: =0.01005*E41^2-0.3113*E41+3.484 -> 1.0909684 | G41: =F41*$K$4 -> 15.709946 | H41: 513 | J41: 0.42986111 | K41: 0.46458333 | L41: D2 | M41: =24*(K41-J41) -> 0.83333333 | N41: =$K$4/M41 -> 17.28 | O41: =0.01005*N41^2-0.3113*N41+3.484 -> 1.1056499 | P41: =O41*$K$4 -> 15.921359 | Q41: 515 | S41: 9:40 | T41: 10:34 | U41: =(T41-S41)*24 -> 0.9 | V41: =$T$4/U41 -> 12.783333 | W41: =0.01005*V41^2-0.3113*V41+3.484 -> 1.1468551 | X41: =W41*$T$4 -> 13.194568 | Y41: 623 | AA41: 10:06 | AB41: 10:58 | AC41: =(AB41-AA41)*24 -> 0.86666667 | AD41: =$AB$4/AC41 -> 13.275 | AE41: =0.01005*AD41^2-0.3113*AD41+3.484 -> 1.12256 | AF41: =$AB$4*AE41 -> 12.915053 | AG41: 621
A42: 0.31597222 | B42: 0.36041667 | C42: D1 | D42: =(B42-A42)*24 -> 1.0666667 | E42: =$B$4/D42 -> 13.5 | F42: =0.01005*E42^2-0.3113*E42+3.484 -> 1.1130625 | G42: =F42*$B$4 -> 16.0281 | H42: 519 | J42: 0.43819444 | K42: 0.47291667 | L42: D2 | M42: =24*(K42-J42) -> 0.83333333 | N42: =$K$4/M42 -> 17.28 | O42: =0.01005*N42^2-0.3113*N42+3.484 -> 1.1056499 | P42: =O42*$K$4 -> 15.921359 | Q42: 503 | S42: 9:48 | T42: 10:42 | U42: =(T42-S42)*24 -> 0.9 | V42: =$T$4/U42 -> 12.783333 | W42: =0.01005*V42^2-0.3113*V42+3.484 -> 1.1468551 | X42: =W42*$T$4 -> 13.194568 | Y42: 511 | AA42: 10:13 | AB42: 11:05 | AC42: =(AB42-AA42)*24 -> 0.86666667 | AD42: =$AB$4/AC42 -> 13.275 | AE42: =0.01005*AD42^2-0.3113*AD42+3.484 -> 1.12256 | AF42: =$AB$4*AE42 -> 12.915053 | AG42: 622
A43: 0.31875 | B43: 0.36319444 | C43: D2 | D43: =24*(B43-A43) -> 1.0666667 | E43: =$K$4/D43 -> 13.5 | F43: =0.01005*E43^2-0.3113*E43+3.484 -> 1.1130625 | G43: =F43*$K$4 -> 16.0281 | H43: 514 | J43: 0.44583333 | K43: 0.48125 | L43: D2 | M43: =24*(K43-J43) -> 0.85 | N43: =$K$4/M43 -> 16.941176 | O43: =0.01005*N43^2-0.3113*N43+3.484 -> 1.0945965 | P43: =O43*$K$4 -> 15.76219 | Q43: 505 | S43: 9:55 | T43: 10:49 | U43: =(T43-S43)*24 -> 0.9 | V43: =$T$4/U43 -> 12.783333 | W43: =0.01005*V43^2-0.3113*V43+3.484 -> 1.1468551 | X43: =W43*$T$4 -> 13.194568 | Y43: 501 | AA43: 10:21 | AB43: 11:13 | AC43: =(AB43-AA43)*24 -> 0.86666667 | AD43: =$AB$4/AC43 -> 13.275 | AE43: =0.01005*AD43^2-0.3113*AD43+3.484 -> 1.12256 | AF43: =$AB$4*AE43 -> 12.915053 | AG43: 507
A44: 0.32083333 | B44: 0.36597222 | C44: D1 | D44: =(B44-A44)*24 -> 1.0833333 | E44: =$B$4/D44 -> 13.292308 | F44: =0.01005*E44^2-0.3113*E44+3.484 -> 1.1217933 | G44: =F44*$B$4 -> 16.153824 | H44: 507 | J44: 0.45416667 | K44: 0.48958333 | L44: D2 | M44: =24*(K44-J44) -> 0.85 | N44: =$K$4/M44 -> 16.941176 | O44: =0.01005*N44^2-0.3113*N44+3.484 -> 1.0945965 | P44: =O44*$K$4 -> 15.76219 | Q44: 517 | S44: 10:03 | T44: 10:57 | U44: =(T44-S44)*24 -> 0.9 | V44: =$T$4/U44 -> 12.783333 | W44: =0.01005*V44^2-0.3113*V44+3.484 -> 1.1468551 | X44: =W44*$T$4 -> 13.194568 | Y44: 508 | AA44: 10:28 | AB44: 11:20 | AC44: =(AB44-AA44)*24 -> 0.86666667 | AD44: =$AB$4/AC44 -> 13.275 | AE44: =0.01005*AD44^2-0.3113*AD44+3.484 -> 1.12256 | AF44: =$AB$4*AE44 -> 12.915053 | AG44: 505
A45: 0.32430556 | B45: 0.36805556 | C45: D2 | D45: =24*(B45-A45) -> 1.05 | E45: =$K$4/D45 -> 13.714286 | F45: =0.01005*E45^2-0.3113*E45+3.484 -> 1.1049633 | G45: =F45*$K$4 -> 15.911471 | H45: 515 | J45: 0.4625 | K45: 0.49791667 | L45: D2 | M45: =24*(K45-J45) -> 0.85 | N45: =$K$4/M45 -> 16.941176 | O45: =0.01005*N45^2-0.3113*N45+3.484 -> 1.0945965 | P45: =O45*$K$4 -> 15.76219 | Q45: 504 | S45: 10:10 | T45: 11:04 | U45: =(T45-S45)*24 -> 0.9 | V45: =$T$4/U45 -> 12.783333 | W45: =0.01005*V45^2-0.3113*V45+3.484 -> 1.1468551 | X45: =W45*$T$4 -> 13.194568 | Y45: 624 | AA45: 10:36 | AB45: 11:28 | AC45: =(AB45-AA45)*24 -> 0.86666667 | AD45: =$AB$4/AC45 -> 13.275 | AE45: =0.01005*AD45^2-0.3113*AD45+3.484 -> 1.12256 | AF45: =$AB$4*AE45 -> 12.915053 | AG45: 626
A46: 0.32638889 | B46: 0.37152778 | C46: D1 | D46: =(B46-A46)*24 -> 1.0833333 | E46: =$B$4/D46 -> 13.292308 | F46: =0.01005*E46^2-0.3113*E46+3.484 -> 1.1217933 | G46: =F46*$B$4 -> 16.153824 | H46: 508 | J46: 0.47083333 | K46: 0.50625 | L46: D2 | M46: =24*(K46-J46) -> 0.85 | N46: =$K$4/M46 -> 16.941176 | O46: =0.01005*N46^2-0.3113*N46+3.484 -> 1.0945965 | P46: =O46*$K$4 -> 15.76219 | Q46: 519 | S46: 10:18 | T46: 11:12 | U46: =(T46-S46)*24 -> 0.9 | V46: =$T$4/U46 -> 12.783333 | W46: =0.01005*V46^2-0.3113*V46+3.484 -> 1.1468551 | X46: =W46*$T$4 -> 13.194568 | Y46: 510 | AA46: 10:43 | AB46: 11:35 | AC46: =(AB46-AA46)*24 -> 0.86666667 | AD46: =$AB$4/AC46 -> 13.275 | AE46: =0.01005*AD46^2-0.3113*AD46+3.484 -> 1.12256 | AF46: =$AB$4*AE46 -> 12.915053 | AG46: 509
A47: 0.32986111 | B47: 0.37291667 | C47: D2 | D47: =24*(B47-A47) -> 1.0333333 | E47: =$K$4/D47 -> 13.935484 | F47: =0.01005*E47^2-0.3113*E47+3.484 -> 1.0975709 | G47: =F47*$K$4 -> 15.80502 | H47: 503 | J47: 0.47916667 | K47: 0.51458333 | L47: D2 | M47: =24*(K47-J47) -> 0.85 | N47: =$K$4/M47 -> 16.941176 | O47: =0.01005*N47^2-0.3113*N47+3.484 -> 1.0945965 | P47: =O47*$K$4 -> 15.76219 | Q47: 508 | S47: 10:25 | T47: 11:19 | U47: =(T47-S47)*24 -> 0.9 | V47: =$T$4/U47 -> 12.783333 | W47: =0.01005*V47^2-0.3113*V47+3.484 -> 1.1468551 | X47: =W47*$T$4 -> 13.194568 | Y47: 504 | AA47: 10:51 | AB47: 11:43 | AC47: =(AB47-AA47)*24 -> 0.86666667 | AD47: =$AB$4/AC47 -> 13.275 | AE47: =0.01005*AD47^2-0.3113*AD47+3.484 -> 1.12256 | AF47: =$AB$4*AE47 -> 12.915053 | AG47: 623
A48: 0.33125 | B48: 0.37638889 | C48: D1 | D48: =(B48-A48)*24 -> 1.0833333 | E48: =$B$4/D48 -> 13.292308 | F48: =0.01005*E48^2-0.3113*E48+3.484 -> 1.1217933 | G48: =F48*$B$4 -> 16.153824 | H48: 520 | J48: 0.4875 | K48: 0.52361111 | L48: D2 | M48: =24*(K48-J48) -> 0.86666667 | N48: =$K$4/M48 -> 16.615385 | O48: =0.01005*N48^2-0.3113*N48+3.484 -> 1.0861444 | P48: =O48*$K$4 -> 15.640479 | Q48: 520 | S48: 10:33 | T48: 11:27 | U48: =(T48-S48)*24 -> 0.9 | V48: =$T$4/U48 -> 12.783333 | W48: =0.01005*V48^2-0.3113*V48+3.484 -> 1.1468551 | X48: =W48*$T$4 -> 13.194568 | Y48: 512 | AA48: 10:58 | AB48: 11:50 | AC48: =(AB48-AA48)*24 -> 0.86666667 | AD48: =$AB$4/AC48 -> 13.275 | AE48: =0.01005*AD48^2-0.3113*AD48+3.484 -> 1.12256 | AF48: =$AB$4*AE48 -> 12.915053 | AG48: 511
A49: 0.33402778 | B49: 0.37847222 | C49: D2 | D49: =24*(B49-A49) -> 1.0666667 | E49: =$K$4/D49 -> 13.5 | F49: =0.01005*E49^2-0.3113*E49+3.484 -> 1.1130625 | G49: =F49*$K$4 -> 16.0281 | H49: 516 | J49: 0.49513889 | K49: 0.53194444 | L49: D2 | M49: =24*(K49-J49) -> 0.88333333 | N49: =$K$4/M49 -> 16.301887 | O49: =0.01005*N49^2-0.3113*N49+3.484 -> 1.0800253 | P49: =O49*$K$4 -> 15.552365 | Q49: 510 | S49: 10:40 | T49: 11:34 | U49: =(T49-S49)*24 -> 0.9 | V49: =$T$4/U49 -> 12.783333 | W49: =0.01005*V49^2-0.3113*V49+3.484 -> 1.1468551 | X49: =W49*$T$4 -> 13.194568 | Y49: 625 | AA49: 11:06 | AB49: 11:58 | AC49: =(AB49-AA49)*24 -> 0.86666667 | AD49: =$AB$4/AC49 -> 13.275 | AE49: =0.01005*AD49^2-0.3113*AD49+3.484 -> 1.12256 | AF49: =$AB$4*AE49 -> 12.915053 | AG49: 501
A50: 0.33611111 | B50: 0.38125 | C50: D1 | D50: =(B50-A50)*24 -> 1.0833333 | E50: =$B$4/D50 -> 13.292308 | F50: =0.01005*E50^2-0.3113*E50+3.484 -> 1.1217933 | G50: =F50*$B$4 -> 16.153824 | H50: 509 | J50: 0.50347222 | K50: 0.54027778 | L50: D2 | M50: =24*(K50-J50) -> 0.88333333 | N50: =$K$4/M50 -> 16.301887 | O50: =0.01005*N50^2-0.3113*N50+3.484 -> 1.0800253 | P50: =O50*$K$4 -> 15.552365 | Q50: 511 | S50: 10:48 | T50: 11:42 | U50: =(T50-S50)*24 -> 0.9 | V50: =$T$4/U50 -> 12.783333 | W50: =0.01005*V50^2-0.3113*V50+3.484 -> 1.1468551 | X50: =W50*$T$4 -> 13.194568 | Y50: 502 | AA50: 11:13 | AB50: 12:05 | AC50: =(AB50-AA50)*24 -> 0.86666667 | AD50: =$AB$4/AC50 -> 13.275 | AE50: =0.01005*AD50^2-0.3113*AD50+3.484 -> 1.12256 | AF50: =$AB$4*AE50 -> 12.915053 | AG50: 508
A51: 0.33958333 | B51: 0.38402778 | C51: D2 | D51: =24*(B51-A51) -> 1.0666667 | E51: =$K$4/D51 -> 13.5 | F51: =0.01005*E51^2-0.3113*E51+3.484 -> 1.1130625 | G51: =F51*$K$4 -> 16.0281 | H51: 505 | J51: 0.51180556 | K51: 0.54861111 | L51: D2 | M51: =24*(K51-J51) -> 0.88333333 | N51: =$K$4/M51 -> 16.301887 | O51: =0.01005*N51^2-0.3113*N51+3.484 -> 1.0800253 | P51: =O51*$K$4 -> 15.552365 | Q51: 502 | S51: 10:55 | T51: 11:49 | U51: =(T51-S51)*24 -> 0.9 | V51: =$T$4/U51 -> 12.783333 | W51: =0.01005*V51^2-0.3113*V51+3.484 -> 1.1468551 | X51: =W51*$T$4 -> 13.194568 | Y51: 503 | AA51: 11:21 | AB51: 12:13 | AC51: =(AB51-AA51)*24 -> 0.86666667 | AD51: =$AB$4/AC51 -> 13.275 | AE51: =0.01005*AD51^2-0.3113*AD51+3.484 -> 1.12256 | AF51: =$AB$4*AE51 -> 12.915053 | AG51: 624
A52: 0.34236111 | B52: 0.38611111 | C52: D1 | D52: =(B52-A52)*24 -> 1.05 | E52: =$B$4/D52 -> 13.714286 | F52: =0.01005*E52^2-0.3113*E52+3.484 -> 1.1049633 | G52: =F52*$B$4 -> 15.911471 | H52: 510 | J52: 0.52013889 | K52: 0.55694444 | L52: D2 | M52: =24*(K52-J52) -> 0.88333333 | N52: =$K$4/M52 -> 16.301887 | O52: =0.01005*N52^2-0.3113*N52+3.484 -> 1.0800253 | P52: =O52*$K$4 -> 15.552365 | Q52: 514 | S52: 11:03 | T52: 11:57 | U52: =(T52-S52)*24 -> 0.9 | V52: =$T$4/U52 -> 12.783333 | W52: =0.01005*V52^2-0.3113*V52+3.484 -> 1.1468551 | X52: =W52*$T$4 -> 13.194568 | Y52: 513 | AA52: 11:27 | AB52: 12:20 | AC52: =(AB52-AA52)*24 -> 0.88333333 | AD52: =$AB$4/AC52 -> 13.024528 | AE52: =0.01005*AD52^2-0.3113*AD52+3.484 -> 1.1343296 | AF52: =$AB$4*AE52 -> 13.050462 | AG52: 510
A53: 0.34513889 | B53: 0.38888889 | C53: D2 | D53: =24*(B53-A53) -> 1.05 | E53: =$K$4/D53 -> 13.714286 | F53: =0.01005*E53^2-0.3113*E53+3.484 -> 1.1049633 | G53: =F53*$K$4 -> 15.911471 | H53: 517 | J53: 0.52847222 | K53: 0.56527778 | L53: D2 | M53: =24*(K53-J53) -> 0.88333333 | N53: =$K$4/M53 -> 16.301887 | O53: =0.01005*N53^2-0.3113*N53+3.484 -> 1.0800253 | P53: =O53*$K$4 -> 15.552365 | Q53: 515 | S53: 11:10 | T53: 12:05 | U53: =(T53-S53)*24 -> 0.91666667 | V53: =$T$4/U53 -> 12.550909 | W53: =0.01005*V53^2-0.3113*V53+3.484 -> 1.1600315 | X53: =W53*$T$4 -> 13.346162 | Y53: 621 | AA53: 11:35 | AB53: 12:28 | AC53: =(AB53-AA53)*24 -> 0.88333333 | AD53: =$AB$4/AC53 -> 13.024528 | AE53: =0.01005*AD53^2-0.3113*AD53+3.484 -> 1.1343296 | AF53: =$AB$4*AE53 -> 13.050462 | AG53: 504
A54: 0.34791667 | B54: 0.39166667 | C54: D1 | D54: =(B54-A54)*24 -> 1.05 | E54: =$B$4/D54 -> 13.714286 | F54: =0.01005*E54^2-0.3113*E54+3.484 -> 1.1049633 | G54: =F54*$B$4 -> 15.911471 | H54: 501 | J54: 0.53680556 | K54: 0.57361111 | L54: D2 | M54: =24*(K54-J54) -> 0.88333333 | N54: =$K$4/M54 -> 16.301887 | O54: =0.01005*N54^2-0.3113*N54+3.484 -> 1.0800253 | P54: =O54*$K$4 -> 15.552365 | Q54: 503 | S54: 11:17 | T54: 12:12 | U54: =(T54-S54)*24 -> 0.91666667 | V54: =$T$4/U54 -> 12.550909 | W54: =0.01005*V54^2-0.3113*V54+3.484 -> 1.1600315 | X54: =W54*$T$4 -> 13.346162 | Y54: 622 | AA54: 11:42 | AB54: 12:35 | AC54: =(AB54-AA54)*24 -> 0.88333333 | AD54: =$AB$4/AC54 -> 13.024528 | AE54: =0.01005*AD54^2-0.3113*AD54+3.484 -> 1.1343296 | AF54: =$AB$4*AE54 -> 13.050462 | AG54: 512
A55: 0.35138889 | B55: 0.39444444 | C55: D2 | D55: =24*(B55-A55) -> 1.0333333 | E55: =$K$4/D55 -> 13.935484 | F55: =0.01005*E55^2-0.3113*E55+3.484 -> 1.0975709 | G55: =F55*$K$4 -> 15.80502 | H55: 518 | J55: 0.54513889 | K55: 0.58194444 | L55: D2 | M55: =24*(K55-J55) -> 0.88333333 | N55: =$K$4/M55 -> 16.301887 | O55: =0.01005*N55^2-0.3113*N55+3.484 -> 1.0800253 | P55: =O55*$K$4 -> 15.552365 | Q55: 505 | S55: 11:24 | T55: 12:19 | U55: =(T55-S55)*24 -> 0.91666667 | V55: =$T$4/U55 -> 12.550909 | W55: =0.01005*V55^2-0.3113*V55+3.484 -> 1.1600315 | X55: =W55*$T$4 -> 13.346162 | Y55: 507 | AA55: 11:50 | AB55: 12:43 | AC55: =(AB55-AA55)*24 -> 0.88333333 | AD55: =$AB$4/AC55 -> 13.024528 | AE55: =0.01005*AD55^2-0.3113*AD55+3.484 -> 1.1343296 | AF55: =$AB$4*AE55 -> 13.050462 | AG55: 625
A56: 0.35486111 | B56: 0.39722222 | C56: D1 | D56: =(B56-A56)*24 -> 1.0166667 | E56: =$B$4/D56 -> 14.163934 | F56: =0.01005*E56^2-0.3113*E56+3.484 -> 1.0909684 | G56: =F56*$B$4 -> 15.709946 | H56: 511 | J56: 0.55347222 | K56: 0.59027778 | L56: D2 | M56: =24*(K56-J56) -> 0.88333333 | N56: =$K$4/M56 -> 16.301887 | O56: =0.01005*N56^2-0.3113*N56+3.484 -> 1.0800253 | P56: =O56*$K$4 -> 15.552365 | Q56: 517 | S56: 11:32 | T56: 12:28 | U56: =(T56-S56)*24 -> 0.93333333 | V56: =$T$4/U56 -> 12.326786 | W56: =0.01005*V56^2-0.3113*V56+3.484 -> 1.1737655 | X56: =W56*$T$4 -> 13.504173 | Y56: 505 | AA56: 11:57 | AB56: 12:50 | AC56: =(AB56-AA56)*24 -> 0.88333333 | AD56: =$AB$4/AC56 -> 13.024528 | AE56: =0.01005*AD56^2-0.3113*AD56+3.484 -> 1.1343296 | AF56: =$AB$4*AE56 -> 13.050462 | AG56: 502
A57: 0.35833333 | B57: 0.4 | C57: D2 | D57: =24*(B57-A57) -> 1 | E57: =$K$4/D57 -> 14.4 | F57: =0.01005*E57^2-0.3113*E57+3.484 -> 1.085248 | G57: =F57*$K$4 -> 15.627571 | H57: 504 | J57: 0.56180556 | K57: 0.59861111 | L57: D2 | M57: =24*(K57-J57) -> 0.88333333 | N57: =$K$4/M57 -> 16.301887 | O57: =0.01005*N57^2-0.3113*N57+3.484 -> 1.0800253 | P57: =O57*$K$4 -> 15.552365 | Q57: 504 | S57: 11:39 | T57: 12:35 | U57: =(T57-S57)*24 -> 0.93333333 | V57: =$T$4/U57 -> 12.326786 | W57: =0.01005*V57^2-0.3113*V57+3.484 -> 1.1737655 | X57: =W57*$T$4 -> 13.504173 | Y57: 626 | AA57: 12:05 | AB57: 12:58 | AC57: =(AB57-AA57)*24 -> 0.88333333 | AD57: =$AB$4/AC57 -> 13.024528 | AE57: =0.01005*AD57^2-0.3113*AD57+3.484 -> 1.1343296 | AF57: =$AB$4*AE57 -> 13.050462 | AG57: 503
A58: 0.36180556 | B58: 0.40277778 | C58: D1 | D58: =(B58-A58)*24 -> 0.98333333 | E58: =$B$4/D58 -> 14.644068 | F58: =0.01005*E58^2-0.3113*E58+3.484 -> 1.0805113 | G58: =F58*$B$4 -> 15.559363 | H58: 512 | J58: 0.57013889 | K58: 0.60694444 | L58: D2 | M58: =24*(K58-J58) -> 0.88333333 | N58: =$K$4/M58 -> 16.301887 | O58: =0.01005*N58^2-0.3113*N58+3.484 -> 1.0800253 | P58: =O58*$K$4 -> 15.552365 | Q58: 519 | S58: 11:47 | T58: 12:44 | U58: =(T58-S58)*24 -> 0.95 | V58: =$T$4/U58 -> 12.110526 | W58: =0.01005*V58^2-0.3113*V58+3.484 -> 1.1879749 | X58: =W58*$T$4 -> 13.667651 | Y58: 509 | AA58: 12:12 | AB58: 13:05 | AC58: =(AB58-AA58)*24 -> 0.88333333 | AD58: =$AB$4/AC58 -> 13.024528 | AE58: =0.01005*AD58^2-0.3113*AD58+3.484 -> 1.1343296 | AF58: =$AB$4*AE58 -> 13.050462 | AG58: 513
A59: 0.36458333 | B59: 0.40416667 | C59: D2 | D59: =24*(B59-A59) -> 0.95 | E59: =$K$4/D59 -> 15.157895 | F59: =0.01005*E59^2-0.3113*E59+3.484 -> 1.0744532 | G59: =F59*$K$4 -> 15.472126 | H59: 506 | J59: 0.57847222 | K59: 0.61527778 | L59: D2 | M59: =24*(K59-J59) -> 0.88333333 | N59: =$K$4/M59 -> 16.301887 | O59: =0.01005*N59^2-0.3113*N59+3.484 -> 1.0800253 | P59: =O59*$K$4 -> 15.552365 | Q59: 508 | S59: 11:54 | T59: 12:51 | U59: =(T59-S59)*24 -> 0.95 | V59: =$T$4/U59 -> 12.110526 | W59: =0.01005*V59^2-0.3113*V59+3.484 -> 1.1879749 | X59: =W59*$T$4 -> 13.667651 | Y59: 623 | AA59: 12:20 | AB59: 13:13 | AC59: =(AB59-AA59)*24 -> 0.88333333 | AD59: =$AB$4/AC59 -> 13.024528 | AE59: =0.01005*AD59^2-0.3113*AD59+3.484 -> 1.1343296 | AF59: =$AB$4*AE59 -> 13.050462 | AG59: 621
A60: 0.36805556 | B60: 0.40763889 | C60: D1 | D60: =(B60-A60)*24 -> 0.95 | E60: =$B$4/D60 -> 15.157895 | F60: =0.01005*E60^2-0.3113*E60+3.484 -> 1.0744532 | G60: =F60*$B$4 -> 15.472126 | H60: 502 | J60: 0.58680556 | K60: 0.62361111 | L60: D2 | M60: =24*(K60-J60) -> 0.88333333 | N60: =$K$4/M60 -> 16.301887 | O60: =0.01005*N60^2-0.3113*N60+3.484 -> 1.0800253 | P60: =O60*$K$4 -> 15.552365 | Q60: 520 | S60: 12:01 | T60: 12:58 | U60: =(T60-S60)*24 -> 0.95 | V60: =$T$4/U60 -> 12.110526 | W60: =0.01005*V60^2-0.3113*V60+3.484 -> 1.1879749 | X60: =W60*$T$4 -> 13.667651 | Y60: 511 | AA60: 12:27 | AB60: 13:20 | AC60: =(AB60-AA60)*24 -> 0.88333333 | AD60: =$AB$4/AC60 -> 13.024528 | AE60: =0.01005*AD60^2-0.3113*AD60+3.484 -> 1.1343296 | AF60: =$AB$4*AE60 -> 13.050462 | AG60: 622
A61: 0.37083333 | B61: 0.40902778 | C61: D2 | D61: =24*(B61-A61) -> 0.91666667 | E61: =$K$4/D61 -> 15.709091 | F61: =0.01005*E61^2-0.3113*E61+3.484 -> 1.0738541 | G61: =F61*$K$4 -> 15.4635 | H61: 519 | J61: 0.59513889 | K61: 0.63263889 | L61: D2 | M61: =24*(K61-J61) -> 0.9 | N61: =$K$4/M61 -> 16 | O61: =0.01005*N61^2-0.3113*N61+3.484 -> 1.076 | P61: =O61*$K$4 -> 15.4944 | Q61: 510 | S61: 12:08 | T61: 13:05 | U61: =(T61-S61)*24 -> 0.95 | V61: =$T$4/U61 -> 12.110526 | W61: =0.01005*V61^2-0.3113*V61+3.484 -> 1.1879749 | X61: =W61*$T$4 -> 13.667651 | Y61: 501 | AA61: 12:35 | AB61: 13:28 | AC61: =(AB61-AA61)*24 -> 0.88333333 | AD61: =$AB$4/AC61 -> 13.024528 | AE61: =0.01005*AD61^2-0.3113*AD61+3.484 -> 1.1343296 | AF61: =$AB$4*AE61 -> 13.050462 | AG61: 507
A62: 0.37569444 | B62: 0.41319444 | C62: D1 | D62: =(B62-A62)*24 -> 0.9 | E62: =$B$4/D62 -> 16 | F62: =0.01005*E62^2-0.3113*E62+3.484 -> 1.076 | G62: =F62*$B$4 -> 15.4944 | H62: 514 | J62: 0.60347222 | K62: 0.64166667 | L62: D2 | M62: =24*(K62-J62) -> 0.91666667 | N62: =$K$4/M62 -> 15.709091 | O62: =0.01005*N62^2-0.3113*N62+3.484 -> 1.0738541 | P62: =O62*$K$4 -> 15.4635 | Q62: 511 | S62: 12:16 | T62: 13:13 | U62: =(T62-S62)*24 -> 0.95 | V62: =$T$4/U62 -> 12.110526 | W62: =0.01005*V62^2-0.3113*V62+3.484 -> 1.1879749 | X62: =W62*$T$4 -> 13.667651 | Y62: 508 | AA62: 12:43 | AB62: 13:36 | AC62: =(AB62-AA62)*24 -> 0.88333333 | AD62: =$AB$4/AC62 -> 13.024528 | AE62: =0.01005*AD62^2-0.3113*AD62+3.484 -> 1.1343296 | AF62: =$AB$4*AE62 -> 13.050462 | AG62: 505
A63: 0.37708333 | B63: 0.41388889 | C63: D2 | D63: =24*(B63-A63) -> 0.88333333 | E63: =$K$4/D63 -> 16.301887 | F63: =0.01005*E63^2-0.3113*E63+3.484 -> 1.0800253 | G63: =F63*$K$4 -> 15.552365 | H63: 507 | J63: 0.61111111 | K63: 0.65069444 | L63: D2 | M63: =24*(K63-J63) -> 0.95 | N63: =$K$4/M63 -> 15.157895 | O63: =0.01005*N63^2-0.3113*N63+3.484 -> 1.0744532 | P63: =O63*$K$4 -> 15.472126 | Q63: 502 | S63: 12:24 | T63: 13:21 | U63: =(T63-S63)*24 -> 0.95 | V63: =$T$4/U63 -> 12.110526 | W63: =0.01005*V63^2-0.3113*V63+3.484 -> 1.1879749 | X63: =W63*$T$4 -> 13.667651 | Y63: 624 | AA63: 12:50 | AB63: 13:43 | AC63: =(AB63-AA63)*24 -> 0.88333333 | AD63: =$AB$4/AC63 -> 13.024528 | AE63: =0.01005*AD63^2-0.3113*AD63+3.484 -> 1.1343296 | AF63: =$AB$4*AE63 -> 13.050462 | AG63: 626
A64: 0.38125 | B64: 0.41875 | C64: D1 | D64: =(B64-A64)*24 -> 0.9 | E64: =$B$4/D64 -> 16 | F64: =0.01005*E64^2-0.3113*E64+3.484 -> 1.076 | G64: =F64*$B$4 -> 15.4944 | H64: 515 | J64: 0.61875 | K64: 0.65833333 | L64: D2 | M64: =24*(K64-J64) -> 0.95 | N64: =$K$4/M64 -> 15.157895 | O64: =0.01005*N64^2-0.3113*N64+3.484 -> 1.0744532 | P64: =O64*$K$4 -> 15.472126 | Q64: 514 | S64: 12:32 | T64: 13:29 | U64: =(T64-S64)*24 -> 0.95 | V64: =$T$4/U64 -> 12.110526 | W64: =0.01005*V64^2-0.3113*V64+3.484 -> 1.1879749 | X64: =W64*$T$4 -> 13.667651 | Y64: 510 | AA64: 12:59 | AB64: 13:52 | AC64: =(AB64-AA64)*24 -> 0.88333333 | AD64: =$AB$4/AC64 -> 13.024528 | AE64: =0.01005*AD64^2-0.3113*AD64+3.484 -> 1.1343296 | AF64: =$AB$4*AE64 -> 13.050462 | AG64: 509
A65: 0.38194444 | B65: 0.41875 | C65: D2 | D65: =24*(B65-A65) -> 0.88333333 | E65: =$K$4/D65 -> 16.301887 | F65: =0.01005*E65^2-0.3113*E65+3.484 -> 1.0800253 | G65: =F65*$K$4 -> 15.552365 | H65: 508 | J65: 0.62430556 | K65: 0.66527778 | L65: D2 | M65: =24*(K65-J65) -> 0.98333333 | N65: =$K$4/M65 -> 14.644068 | O65: =0.01005*N65^2-0.3113*N65+3.484 -> 1.0805113 | P65: =O65*$K$4 -> 15.559363 | Q65: 515 | S65: 12:39 | T65: 13:36 | U65: =(T65-S65)*24 -> 0.95 | V65: =$T$4/U65 -> 12.110526 | W65: =0.01005*V65^2-0.3113*V65+3.484 -> 1.1879749 | X65: =W65*$T$4 -> 13.667651 | Y65: 504 | AA65: 13:06 | AB65: 13:59 | AC65: =(AB65-AA65)*24 -> 0.88333333 | AD65: =$AB$4/AC65 -> 13.024528 | AE65: =0.01005*AD65^2-0.3113*AD65+3.484 -> 1.1343296 | AF65: =$AB$4*AE65 -> 13.050462 | AG65: 623
A66: 0.38680556 | B66: 0.42291667 | C66: D2 | D66: =24*(B66-A66) -> 0.86666667 | E66: =$K$4/D66 -> 16.615385 | F66: =0.01005*E66^2-0.3113*E66+3.484 -> 1.0861444 | G66: =F66*$K$4 -> 15.640479 | H66: 520 | J66: 0.62986111 | K66: 0.67152778 | L66: D2 | M66: =24*(K66-J66) -> 1 | N66: =$K$4/M66 -> 14.4 | O66: =0.01005*N66^2-0.3113*N66+3.484 -> 1.085248 | P66: =O66*$K$4 -> 15.627571 | Q66: 521 | S66: 12:47 | T66: 13:44 | U66: =(T66-S66)*24 -> 0.95 | V66: =$T$4/U66 -> 12.110526 | W66: =0.01005*V66^2-0.3113*V66+3.484 -> 1.1879749 | X66: =W66*$T$4 -> 13.667651 | Y66: 512 | AA66: 13:14 | AB66: 14:07 | AC66: =(AB66-AA66)*24 -> 0.88333333 | AD66: =$AB$4/AC66 -> 13.024528 | AE66: =0.01005*AD66^2-0.3113*AD66+3.484 -> 1.1343296 | AF66: =$AB$4*AE66 -> 13.050462 | AG66: 511
A67: 0.3875 | B67: 0.42430556 | C67: D1 | D67: =(B67-A67)*24 -> 0.88333333 | E67: =$B$4/D67 -> 16.301887 | F67: =0.01005*E67^2-0.3113*E67+3.484 -> 1.0800253 | G67: =F67*$B$4 -> 15.552365 | H67: 503 | J67: 0.63541667 | K67: 0.67708333 | L67: D2 | M67: =24*(K67-J67) -> 1 | N67: =$K$4/M67 -> 14.4 | O67: =0.01005*N67^2-0.3113*N67+3.484 -> 1.085248 | P67: =O67*$K$4 -> 15.627571 | Q67: 503 | S67: 12:54 | T67: 13:51 | U67: =(T67-S67)*24 -> 0.95 | V67: =$T$4/U67 -> 12.110526 | W67: =0.01005*V67^2-0.3113*V67+3.484 -> 1.1879749 | X67: =W67*$T$4 -> 13.667651 | Y67: 625 | AA67: 13:21 | AB67: 14:14 | AC67: =(AB67-AA67)*24 -> 0.88333333 | AD67: =$AB$4/AC67 -> 13.024528 | AE67: =0.01005*AD67^2-0.3113*AD67+3.484 -> 1.1343296 | AF67: =$AB$4*AE67 -> 13.050462 | AG67: 501
A68: 0.39236111 | B68: 0.42777778 | C68: D2 | D68: =24*(B68-A68) -> 0.85 | E68: =$K$4/D68 -> 16.941176 | F68: =0.01005*E68^2-0.3113*E68+3.484 -> 1.0945965 | G68: =F68*$K$4 -> 15.76219 | H68: 509 | J68: 0.64027778 | K68: 0.68263889 | L68: D2 | M68: =24*(K68-J68) -> 1.0166667 | N68: =$K$4/M68 -> 14.163934 | O68: =0.01005*N68^2-0.3113*N68+3.484 -> 1.0909684 | P68: =O68*$K$4 -> 15.709946 | Q68: 522 | S68: 13:01 | T68: 13:58 | U68: =(T68-S68)*24 -> 0.95 | V68: =$T$4/U68 -> 12.110526 | W68: =0.01005*V68^2-0.3113*V68+3.484 -> 1.1879749 | X68: =W68*$T$4 -> 13.667651 | Y68: 502 | AA68: 13:28 | AB68: 14:21 | AC68: =(AB68-AA68)*24 -> 0.88333333 | AD68: =$AB$4/AC68 -> 13.024528 | AE68: =0.01005*AD68^2-0.3113*AD68+3.484 -> 1.1343296 | AF68: =$AB$4*AE68 -> 13.050462 | AG68: 508
A69: 0.39583333 | B69: 0.43263889 | C69: D1 | D69: =(B69-A69)*24 -> 0.88333333 | E69: =$B$4/D69 -> 16.301887 | F69: =0.01005*E69^2-0.3113*E69+3.484 -> 1.0800253 | G69: =F69*$B$4 -> 15.552365 | H69: 505 | J69: 0.64513889 | K69: 0.68819444 | L69: D2 | M69: =24*(K69-J69) -> 1.0333333 | N69: =$K$4/M69 -> 13.935484 | O69: =0.01005*N69^2-0.3113*N69+3.484 -> 1.0975709 | P69: =O69*$K$4 -> 15.80502 | Q69: 505 | S69: 13:09 | T69: 14:06 | U69: =(T69-S69)*24 -> 0.95 | V69: =$T$4/U69 -> 12.110526 | W69: =0.01005*V69^2-0.3113*V69+3.484 -> 1.1879749 | X69: =W69*$T$4 -> 13.667651 | Y69: 503 | AA69: 13:36 | AB69: 14:29 | AC69: =(AB69-AA69)*24 -> 0.88333333 | AD69: =$AB$4/AC69 -> 13.024528 | AE69: =0.01005*AD69^2-0.3113*AD69+3.484 -> 1.1343296 | AF69: =$AB$4*AE69 -> 13.050462 | AG69: 624
A70: 0.39722222 | B70: 0.43194444 | C70: D2 | D70: =24*(B70-A70) -> 0.83333333 | E70: =$K$4/D70 -> 17.28 | F70: =0.01005*E70^2-0.3113*E70+3.484 -> 1.1056499 | G70: =F70*$K$4 -> 15.921359 | H70: 510 | J70: 0.65069444 | K70: 0.69375 | L70: D2 | M70: =24*(K70-J70) -> 1.0333333 | N70: =$K$4/M70 -> 13.935484 | O70: =0.01005*N70^2-0.3113*N70+3.484 -> 1.0975709 | P70: =O70*$K$4 -> 15.80502 | Q70: 517 | S70: 13:17 | T70: 14:14 | U70: =(T70-S70)*24 -> 0.95 | V70: =$T$4/U70 -> 12.110526 | W70: =0.01005*V70^2-0.3113*V70+3.484 -> 1.1879749 | X70: =W70*$T$4 -> 13.667651 | Y70: 513 | AA70: 13:44 | AB70: 14:37 | AC70: =(AB70-AA70)*24 -> 0.88333333 | AD70: =$AB$4/AC70 -> 13.024528 | AE70: =0.01005*AD70^2-0.3113*AD70+3.484 -> 1.1343296 | AF70: =$AB$4*AE70 -> 13.050462 | AG70: 510
A71: 0.40208333 | B71: 0.43680556 | C71: D2 | D71: =24*(B71-A71) -> 0.83333333 | E71: =$K$4/D71 -> 17.28 | F71: =0.01005*E71^2-0.3113*E71+3.484 -> 1.1056499 | G71: =F71*$K$4 -> 15.921359 | H71: 501 | J71: 0.65625 | K71: 0.69930556 | L71: D2 | M71: =24*(K71-J71) -> 1.0333333 | N71: =$K$4/M71 -> 13.935484 | O71: =0.01005*N71^2-0.3113*N71+3.484 -> 1.0975709 | P71: =O71*$K$4 -> 15.80502 | Q71: 523 | S71: 13:25 | T71: 14:22 | U71: =(T71-S71)*24 -> 0.95 | V71: =$T$4/U71 -> 12.110526 | W71: =0.01005*V71^2-0.3113*V71+3.484 -> 1.1879749 | X71: =W71*$T$4 -> 13.667651 | Y71: 621 | AA71: 13:51 | AB71: 14:44 | AC71: =(AB71-AA71)*24 -> 0.88333333 | AD71: =$AB$4/AC71 -> 13.024528 | AE71: =0.01005*AD71^2-0.3113*AD71+3.484 -> 1.1343296 | AF71: =$AB$4*AE71 -> 13.050462 | AG71: 504
A72: 0.40416667 | B72: 0.44097222 | C72: D1 | D72: =(B72-A72)*24 -> 0.88333333 | E72: =$B$4/D72 -> 16.301887 | F72: =0.01005*E72^2-0.3113*E72+3.484 -> 1.0800253 | G72: =F72*$B$4 -> 15.552365 | H72: 517 | J72: 0.66111111 | K72: 0.70486111 | L72: D2 | M72: =24*(K72-J72) -> 1.05 | N72: =$K$4/M72 -> 13.714286 | O72: =0.01005*N72^2-0.3113*N72+3.484 -> 1.1049633 | P72: =O72*$K$4 -> 15.911471 | Q72: 504 | S72: 13:32 | T72: 14:29 | U72: =(T72-S72)*24 -> 0.95 | V72: =$T$4/U72 -> 12.110526 | W72: =0.01005*V72^2-0.3113*V72+3.484 -> 1.1879749 | X72: =W72*$T$4 -> 13.667651 | Y72: 622 | AA72: 13:59 | AB72: 14:52 | AC72: =(AB72-AA72)*24 -> 0.88333333 | AD72: =$AB$4/AC72 -> 13.024528 | AE72: =0.01005*AD72^2-0.3113*AD72+3.484 -> 1.1343296 | AF72: =$AB$4*AE72 -> 13.050462 | AG72: 512
A73: 0.40694444 | B73: 0.44166667 | C73: D2 | D73: =24*(B73-A73) -> 0.83333333 | E73: =$K$4/D73 -> 17.28 | F73: =0.01005*E73^2-0.3113*E73+3.484 -> 1.1056499 | G73: =F73*$K$4 -> 15.921359 | H73: 511 | J73: 0.66666667 | K73: 0.71041667 | L73: D2 | M73: =24*(K73-J73) -> 1.05 | N73: =$K$4/M73 -> 13.714286 | O73: =0.01005*N73^2-0.3113*N73+3.484 -> 1.1049633 | P73: =O73*$K$4 -> 15.911471 | Q73: 524 | S73: 13:39 | T73: 14:36 | U73: =(T73-S73)*24 -> 0.95 | V73: =$T$4/U73 -> 12.110526 | W73: =0.01005*V73^2-0.3113*V73+3.484 -> 1.1879749 | X73: =W73*$T$4 -> 13.667651 | Y73: 507 | AA73: 14:06 | AB73: 14:59 | AC73: =(AB73-AA73)*24 -> 0.88333333 | AD73: =$AB$4/AC73 -> 13.024528 | AE73: =0.01005*AD73^2-0.3113*AD73+3.484 -> 1.1343296 | AF73: =$AB$4*AE73 -> 13.050462 | AG73: 625
A74: 0.41180556 | B74: 0.44652778 | C74: D2 | D74: =24*(B74-A74) -> 0.83333333 | E74: =$K$4/D74 -> 17.28 | F74: =0.01005*E74^2-0.3113*E74+3.484 -> 1.1056499 | G74: =F74*$K$4 -> 15.921359 | H74: 512 | J74: 0.67222222 | K74: 0.71527778 | L74: D2 | M74: =24*(K74-J74) -> 1.0333333 | N74: =$K$4/M74 -> 13.935484 | O74: =0.01005*N74^2-0.3113*N74+3.484 -> 1.0975709 | P74: =O74*$K$4 -> 15.80502 | Q74: 519 | S74: 13:47 | T74: 14:44 | U74: =(T74-S74)*24 -> 0.95 | V74: =$T$4/U74 -> 12.110526 | W74: =0.01005*V74^2-0.3113*V74+3.484 -> 1.1879749 | X74: =W74*$T$4 -> 13.667651 | Y74: 505 | AA74: 14:13 | AB74: 15:06 | AC74: =(AB74-AA74)*24 -> 0.88333333 | AD74: =$AB$4/AC74 -> 13.024528 | AE74: =0.01005*AD74^2-0.3113*AD74+3.484 -> 1.1343296 | AF74: =$AB$4*AE74 -> 13.050462 | AG74: 502
A75: 0.4125 | B75: 0.44930556 | C75: D1 | D75: =(B75-A75)*24 -> 0.88333333 | E75: =$B$4/D75 -> 16.301887 | F75: =0.01005*E75^2-0.3113*E75+3.484 -> 1.0800253 | G75: =F75*$B$4 -> 15.552365 | H75: 504 | J75: 0.67777778 | K75: 0.72013889 | L75: D2 | M75: =24*(K75-J75) -> 1.0166667 | N75: =$K$4/M75 -> 14.163934 | O75: =0.01005*N75^2-0.3113*N75+3.484 -> 1.0909684 | P75: =O75*$K$4 -> 15.709946 | Q75: 525 | S75: 13:54 | T75: 14:51 | U75: =(T75-S75)*24 -> 0.95 | V75: =$T$4/U75 -> 12.110526 | W75: =0.01005*V75^2-0.3113*V75+3.484 -> 1.1879749 | X75: =W75*$T$4 -> 13.667651 | Y75: 626 | AA75: 14:20 | AB75: 15:13 | AC75: =(AB75-AA75)*24 -> 0.88333333 | AD75: =$AB$4/AC75 -> 13.024528 | AE75: =0.01005*AD75^2-0.3113*AD75+3.484 -> 1.1343296 | AF75: =$AB$4*AE75 -> 13.050462 | AG75: 514
A76: 0.41666667 | B76: 0.45138889 | C76: D2 | D76: =24*(B76-A76) -> 0.83333333 | E76: =$K$4/D76 -> 17.28 | F76: =0.01005*E76^2-0.3113*E76+3.484 -> 1.1056499 | G76: =F76*$K$4 -> 15.921359 | H76: 502 | J76: 0.68333333 | K76: 0.725 | L76: D2 | M76: =24*(K76-J76) -> 1 | N76: =$K$4/M76 -> 14.4 | O76: =0.01005*N76^2-0.3113*N76+3.484 -> 1.085248 | P76: =O76*$K$4 -> 15.627571 | Q76: 508 | S76: 14:02 | T76: 14:59 | U76: =(T76-S76)*24 -> 0.95 | V76: =$T$4/U76 -> 12.110526 | W76: =0.01005*V76^2-0.3113*V76+3.484 -> 1.1879749 | X76: =W76*$T$4 -> 13.667651 | Y76: 509 | AA76: 14:27 | AB76: 15:20 | AC76: =(AB76-AA76)*24 -> 0.88333333 | AD76: =$AB$4/AC76 -> 13.024528 | AE76: =0.01005*AD76^2-0.3113*AD76+3.484 -> 1.1343296 | AF76: =$AB$4*AE76 -> 13.050462 | AG76: 503
A77: 0.42083333 | B77: 0.45763889 | C77: D1 | D77: =(B77-A77)*24 -> 0.88333333 | E77: =$B$4/D77 -> 16.301887 | F77: =0.01005*E77^2-0.3113*E77+3.484 -> 1.0800253 | G77: =F77*$B$4 -> 15.552365 | H77: 519 | J77: 0.68888889 | K77: 0.73055556 | L77: D2 | M77: =24*(K77-J77) -> 1 | N77: =$K$4/M77 -> 14.4 | O77: =0.01005*N77^2-0.3113*N77+3.484 -> 1.085248 | P77: =O77*$K$4 -> 15.627571 | Q77: 520 | S77: 14:09 | T77: 15:06 | U77: =(T77-S77)*24 -> 0.95 | V77: =$T$4/U77 -> 12.110526 | W77: =0.01005*V77^2-0.3113*V77+3.484 -> 1.1879749 | X77: =W77*$T$4 -> 13.667651 | Y77: 623 | AA77: 14:33 | AB77: 15:27 | AC77: =(AB77-AA77)*24 -> 0.9 | AD77: =$AB$4/AC77 -> 12.783333 | AE77: =0.01005*AD77^2-0.3113*AD77+3.484 -> 1.1468551 | AF77: =$AB$4*AE77 -> 13.194568 | AG77: 513
A78: 0.42222222 | B78: 0.45694444 | C78: D2 | D78: =24*(B78-A78) -> 0.83333333 | E78: =$K$4/D78 -> 17.28 | F78: =0.01005*E78^2-0.3113*E78+3.484 -> 1.1056499 | G78: =F78*$K$4 -> 15.921359 | H78: 514 | J78: 0.69444444 | K78: 0.73611111 | L78: D2 | M78: =24*(K78-J78) -> 1 | N78: =$K$4/M78 -> 14.4 | O78: =0.01005*N78^2-0.3113*N78+3.484 -> 1.085248 | P78: =O78*$K$4 -> 15.627571 | Q78: 526 | S78: 14:17 | T78: 15:14 | U78: =(T78-S78)*24 -> 0.95 | V78: =$T$4/U78 -> 12.110526 | W78: =0.01005*V78^2-0.3113*V78+3.484 -> 1.1879749 | X78: =W78*$T$4 -> 13.667651 | Y78: 511 | AA78: 14:40 | AB78: 15:34 | AC78: =(AB78-AA78)*24 -> 0.9 | AD78: =$AB$4/AC78 -> 12.783333 | AE78: =0.01005*AD78^2-0.3113*AD78+3.484 -> 1.1468551 | AF78: =$AB$4*AE78 -> 13.194568 | AG78: 621
A79: 0.42916667 | B79: 0.46597222 | C79: D1 | D79: =(B79-A79)*24 -> 0.88333333 | E79: =$B$4/D79 -> 16.301887 | F79: =0.01005*E79^2-0.3113*E79+3.484 -> 1.0800253 | G79: =F79*$B$4 -> 15.552365 | H79: 508 | J79: 0.7 | K79: 0.74166667 | L79: D2 | M79: =24*(K79-J79) -> 1 | N79: =$K$4/M79 -> 14.4 | O79: =0.01005*N79^2-0.3113*N79+3.484 -> 1.085248 | P79: =O79*$K$4 -> 15.627571 | Q79: 510 | S79: 14:24 | T79: 15:21 | U79: =(T79-S79)*24 -> 0.95 | V79: =$T$4/U79 -> 12.110526 | W79: =0.01005*V79^2-0.3113*V79+3.484 -> 1.1879749 | X79: =W79*$T$4 -> 13.667651 | Y79: 501 | AA79: 14:47 | AB79: 15:41 | AC79: =(AB79-AA79)*24 -> 0.9 | AD79: =$AB$4/AC79 -> 12.783333 | AE79: =0.01005*AD79^2-0.3113*AD79+3.484 -> 1.1468551 | AF79: =$AB$4*AE79 -> 13.194568 | AG79: 622
A80: 0.42986111 | B80: 0.46458333 | C80: D2 | D80: =24*(B80-A80) -> 0.83333333 | E80: =$K$4/D80 -> 17.28 | F80: =0.01005*E80^2-0.3113*E80+3.484 -> 1.1056499 | G80: =F80*$K$4 -> 15.921359 | H80: 515 | J80: 0.70555556 | K80: 0.74652778 | L80: D2 | M80: =24*(K80-J80) -> 0.98333333 | N80: =$K$4/M80 -> 14.644068 | O80: =0.01005*N80^2-0.3113*N80+3.484 -> 1.0805113 | P80: =O80*$K$4 -> 15.559363 | Q80: 527 | S80: 14:31 | T80: 15:29 | U80: =(T80-S80)*24 -> 0.96666667 | V80: =$T$4/U80 -> 11.901724 | W80: =0.01005*V80^2-0.3113*V80+3.484 -> 1.2025862 | X80: =W80*$T$4 -> 13.835754 | Y80: 508 | AA80: 14:55 | AB80: 15:49 | AC80: =(AB80-AA80)*24 -> 0.9 | AD80: =$AB$4/AC80 -> 12.783333 | AE80: =0.01005*AD80^2-0.3113*AD80+3.484 -> 1.1468551 | AF80: =$AB$4*AE80 -> 13.194568 | AG80: 507
A81: 0.4375 | B81: 0.47569444 | C81: D1 | D81: =(B81-A81)*24 -> 0.91666667 | E81: =$B$4/D81 -> 15.709091 | F81: =0.01005*E81^2-0.3113*E81+3.484 -> 1.0738541 | G81: =F81*$B$4 -> 15.4635 | H81: 520 | J81: 0.71041667 | K81: 0.75138889 | L81: D2 | M81: =24*(K81-J81) -> 0.98333333 | N81: =$K$4/M81 -> 14.644068 | O81: =0.01005*N81^2-0.3113*N81+3.484 -> 1.0805113 | P81: =O81*$K$4 -> 15.559363 | Q81: 511 | S81: 14:39 | T81: 15:37 | U81: =(T81-S81)*24 -> 0.96666667 | V81: =$T$4/U81 -> 11.901724 | W81: =0.01005*V81^2-0.3113*V81+3.484 -> 1.2025862 | X81: =W81*$T$4 -> 13.835754 | Y81: 624 | AA81: 15:03 | AB81: 15:57 | AC81: =(AB81-AA81)*24 -> 0.9 | AD81: =$AB$4/AC81 -> 12.783333 | AE81: =0.01005*AD81^2-0.3113*AD81+3.484 -> 1.1468551 | AF81: =$AB$4*AE81 -> 13.194568 | AG81: 505
A82: 0.43819444 | B82: 0.47291667 | C82: D2 | D82: =24*(B82-A82) -> 0.83333333 | E82: =$K$4/D82 -> 17.28 | F82: =0.01005*E82^2-0.3113*E82+3.484 -> 1.1056499 | G82: =F82*$K$4 -> 15.921359 | H82: 503 | J82: 0.71597222 | K82: 0.75694444 | L82: D2 | M82: =24*(K82-J82) -> 0.98333333 | N82: =$K$4/M82 -> 14.644068 | O82: =0.01005*N82^2-0.3113*N82+3.484 -> 1.0805113 | P82: =O82*$K$4 -> 15.559363 | Q82: 528 | S82: 14:47 | T82: 15:46 | U82: =(T82-S82)*24 -> 0.98333333 | V82: =$T$4/U82 -> 11.7 | W82: =0.01005*V82^2-0.3113*V82+3.484 -> 1.2175345 | X82: =W82*$T$4 -> 14.007734 | Y82: 510 | AA82: 15:10 | AB82: 16:04 | AC82: =(AB82-AA82)*24 -> 0.9 | AD82: =$AB$4/AC82 -> 12.783333 | AE82: =0.01005*AD82^2-0.3113*AD82+3.484 -> 1.1468551 | AF82: =$AB$4*AE82 -> 13.194568 | AG82: 626
A83: 0.44583333 | B83: 0.48402778 | C83: D1 | D83: =(B83-A83)*24 -> 0.91666667 | E83: =$B$4/D83 -> 15.709091 | F83: =0.01005*E83^2-0.3113*E83+3.484 -> 1.0738541 | G83: =F83*$B$4 -> 15.4635 | H83: 510 | J83: 0.72083333 | K83: 0.76180556 | L83: D2 | M83: =24*(K83-J83) -> 0.98333333 | N83: =$K$4/M83 -> 14.644068 | O83: =0.01005*N83^2-0.3113*N83+3.484 -> 1.0805113 | P83: =O83*$K$4 -> 15.559363 | Q83: 502 | S83: 14:55 | T83: 15:55 | U83: =(T83-S83)*24 -> 1 | V83: =$T$4/U83 -> 11.505 | W83: =0.01005*V83^2-0.3113*V83+3.484 -> 1.232762 | X83: =W83*$T$4 -> 14.182927 | Y83: 504 | AA83: 15:18 | AB83: 16:12 | AC83: =(AB83-AA83)*24 -> 0.9 | AD83: =$AB$4/AC83 -> 12.783333 | AE83: =0.01005*AD83^2-0.3113*AD83+3.484 -> 1.1468551 | AF83: =$AB$4*AE83 -> 13.194568 | AG83: 509
A84: 0.44583333 | B84: 0.48125 | C84: D2 | D84: =24*(B84-A84) -> 0.85 | E84: =$K$4/D84 -> 16.941176 | F84: =0.01005*E84^2-0.3113*E84+3.484 -> 1.0945965 | G84: =F84*$K$4 -> 15.76219 | H84: 505 | J84: 0.72638889 | K84: 0.76736111 | L84: D2 | M84: =24*(K84-J84) -> 0.98333333 | N84: =$K$4/M84 -> 14.644068 | O84: =0.01005*N84^2-0.3113*N84+3.484 -> 1.0805113 | P84: =O84*$K$4 -> 15.559363 | Q84: 514 | S84: 15:02 | T84: 16:03 | U84: =(T84-S84)*24 -> 1.0166667 | V84: =$T$4/U84 -> 11.316393 | W84: =0.01005*V84^2-0.3113*V84+3.484 -> 1.2482174 | X84: =W84*$T$4 -> 14.360741 | Y84: 512 | AA84: 15:25 | AB84: 16:19 | AC84: =(AB84-AA84)*24 -> 0.9 | AD84: =$AB$4/AC84 -> 12.783333 | AE84: =0.01005*AD84^2-0.3113*AD84+3.484 -> 1.1468551 | AF84: =$AB$4*AE84 -> 13.194568 | AG84: 623
A85: 0.45416667 | B85: 0.49236111 | C85: D1 | D85: =(B85-A85)*24 -> 0.91666667 | E85: =$B$4/D85 -> 15.709091 | F85: =0.01005*E85^2-0.3113*E85+3.484 -> 1.0738541 | G85: =F85*$B$4 -> 15.4635 | H85: 511 | J85: 0.73194444 | K85: 0.77291667 | L85: D2 | M85: =24*(K85-J85) -> 0.98333333 | N85: =$K$4/M85 -> 14.644068 | O85: =0.01005*N85^2-0.3113*N85+3.484 -> 1.0805113 | P85: =O85*$K$4 -> 15.559363 | Q85: 515 | S85: 15:09 | T85: 16:10 | U85: =(T85-S85)*24 -> 1.0166667 | V85: =$T$4/U85 -> 11.316393 | W85: =0.01005*V85^2-0.3113*V85+3.484 -> 1.2482174 | X85: =W85*$T$4 -> 14.360741 | Y85: 625 | AA85: 15:33 | AB85: 16:27 | AC85: =(AB85-AA85)*24 -> 0.9 | AD85: =$AB$4/AC85 -> 12.783333 | AE85: =0.01005*AD85^2-0.3113*AD85+3.484 -> 1.1468551 | AF85: =$AB$4*AE85 -> 13.194568 | AG85: 511
A86: 0.45416667 | B86: 0.48958333 | C86: D2 | D86: =24*(B86-A86) -> 0.85 | E86: =$K$4/D86 -> 16.941176 | F86: =0.01005*E86^2-0.3113*E86+3.484 -> 1.0945965 | G86: =F86*$K$4 -> 15.76219 | H86: 517 | J86: 0.73819444 | K86: 0.77708333 | L86: D2 | M86: =24*(K86-J86) -> 0.93333333 | N86: =$K$4/M86 -> 15.428571 | O86: =0.01005*N86^2-0.3113*N86+3.484 -> 1.0733959 | P86: =O86*$K$4 -> 15.456901 | Q86: 521 | S86: 15:16 | T86: 16:17 | U86: =(T86-S86)*24 -> 1.0166667 | V86: =$T$4/U86 -> 11.316393 | W86: =0.01005*V86^2-0.3113*V86+3.484 -> 1.2482174 | X86: =W86*$T$4 -> 14.360741 | Y86: 502 | AA86: 15:40 | AB86: 16:34 | AC86: =(AB86-AA86)*24 -> 0.9 | AD86: =$AB$4/AC86 -> 12.783333 | AE86: =0.01005*AD86^2-0.3113*AD86+3.484 -> 1.1468551 | AF86: =$AB$4*AE86 -> 13.194568 | AG86: 501
A87: 0.4625 | B87: 0.50069444 | C87: D1 | D87: =(B87-A87)*24 -> 0.91666667 | E87: =$B$4/D87 -> 15.709091 | F87: =0.01005*E87^2-0.3113*E87+3.484 -> 1.0738541 | G87: =F87*$B$4 -> 15.4635 | H87: 502 | J87: 0.74444444 | K87: 0.78194444 | L87: D2 | M87: =24*(K87-J87) -> 0.9 | N87: =$K$4/M87 -> 16 | O87: =0.01005*N87^2-0.3113*N87+3.484 -> 1.076 | P87: =O87*$K$4 -> 15.4944 | Q87: 503 | S87: 15:23 | T87: 16:25 | U87: =(T87-S87)*24 -> 1.0333333 | V87: =$T$4/U87 -> 11.133871 | W87: =0.01005*V87^2-0.3113*V87+3.484 -> 1.2638549 | X87: =W87*$T$4 -> 14.540651 | Y87: 514 | AA87: 15:47 | AB87: 16:42 | AC87: =(AB87-AA87)*24 -> 0.91666667 | AD87: =$AB$4/AC87 -> 12.550909 | AE87: =0.01005*AD87^2-0.3113*AD87+3.484 -> 1.1600315 | AF87: =$AB$4*AE87 -> 13.346162 | AG87: 508
A88: 0.4625 | B88: 0.49791667 | C88: D2 | D88: =24*(B88-A88) -> 0.85 | E88: =$K$4/D88 -> 16.941176 | F88: =0.01005*E88^2-0.3113*E88+3.484 -> 1.0945965 | G88: =F88*$K$4 -> 15.76219 | H88: 504 | J88: 0.74930556 | K88: 0.78680556 | L88: D2 | M88: =24*(K88-J88) -> 0.9 | N88: =$K$4/M88 -> 16 | O88: =0.01005*N88^2-0.3113*N88+3.484 -> 1.076 | P88: =O88*$K$4 -> 15.4944 | Q88: 522 | S88: 15:31 | T88: 16:33 | U88: =(T88-S88)*24 -> 1.0333333 | V88: =$T$4/U88 -> 11.133871 | W88: =0.01005*V88^2-0.3113*V88+3.484 -> 1.2638549 | X88: =W88*$T$4 -> 14.540651 | Y88: 503 | AA88: 15:52 | AB88: 16:49 | AC88: =(AB88-AA88)*24 -> 0.95 | AD88: =$AB$4/AC88 -> 12.110526 | AE88: =0.01005*AD88^2-0.3113*AD88+3.484 -> 1.1879749 | AF88: =$AB$4*AE88 -> 13.667651 | AG88: 515
A89: 0.47083333 | B89: 0.50902778 | C89: D1 | D89: =(B89-A89)*24 -> 0.91666667 | E89: =$B$4/D89 -> 15.709091 | F89: =0.01005*E89^2-0.3113*E89+3.484 -> 1.0738541 | G89: =F89*$B$4 -> 15.4635 | H89: 514 | J89: 0.75416667 | K89: 0.79166667 | L89: D2 | M89: =24*(K89-J89) -> 0.9 | N89: =$K$4/M89 -> 16 | O89: =0.01005*N89^2-0.3113*N89+3.484 -> 1.076 | P89: =O89*$K$4 -> 15.4944 | Q89: 505 | S89: 15:38 | T89: 16:40 | U89: =(T89-S89)*24 -> 1.0333333 | V89: =$T$4/U89 -> 11.133871 | W89: =0.01005*V89^2-0.3113*V89+3.484 -> 1.2638549 | X89: =W89*$T$4 -> 14.540651 | Y89: 513 | AA89: 16:00 | AB89: 16:57 | AC89: =(AB89-AA89)*24 -> 0.95 | AD89: =$AB$4/AC89 -> 12.110526 | AE89: =0.01005*AD89^2-0.3113*AD89+3.484 -> 1.1879749 | AF89: =$AB$4*AE89 -> 13.667651 | AG89: 624
A90: 0.47083333 | B90: 0.50625 | C90: D2 | D90: =24*(B90-A90) -> 0.85 | E90: =$K$4/D90 -> 16.941176 | F90: =0.01005*E90^2-0.3113*E90+3.484 -> 1.0945965 | G90: =F90*$K$4 -> 15.76219 | H90: 519 | J90: 0.75902778 | K90: 0.79652778 | L90: D2 | M90: =24*(K90-J90) -> 0.9 | N90: =$K$4/M90 -> 16 | O90: =0.01005*N90^2-0.3113*N90+3.484 -> 1.076 | P90: =O90*$K$4 -> 15.4944 | Q90: 517 | S90: 15:46 | T90: 16:48 | U90: =(T90-S90)*24 -> 1.0333333 | V90: =$T$4/U90 -> 11.133871 | W90: =0.01005*V90^2-0.3113*V90+3.484 -> 1.2638549 | X90: =W90*$T$4 -> 14.540651 | Y90: 621 | AA90: 16:07 | AB90: 17:04 | AC90: =(AB90-AA90)*24 -> 0.95 | AD90: =$AB$4/AC90 -> 12.110526 | AE90: =0.01005*AD90^2-0.3113*AD90+3.484 -> 1.1879749 | AF90: =$AB$4*AE90 -> 13.667651 | AG90: 510
A91: 0.47916667 | B91: 0.51736111 | C91: D1 | D91: =(B91-A91)*24 -> 0.91666667 | E91: =$B$4/D91 -> 15.709091 | F91: =0.01005*E91^2-0.3113*E91+3.484 -> 1.0738541 | G91: =F91*$B$4 -> 15.4635 | H91: 515 | J91: 0.76458333 | K91: 0.80138889 | L91: D2 | M91: =24*(K91-J91) -> 0.88333333 | N91: =$K$4/M91 -> 16.301887 | O91: =0.01005*N91^2-0.3113*N91+3.484 -> 1.0800253 | P91: =O91*$K$4 -> 15.552365 | Q91: 523 | S91: 15:53 | T91: 16:55 | U91: =(T91-S91)*24 -> 1.0333333 | V91: =$T$4/U91 -> 11.133871 | W91: =0.01005*V91^2-0.3113*V91+3.484 -> 1.2638549 | X91: =W91*$T$4 -> 14.540651 | Y91: 622 | AA91: 16:15 | AB91: 17:12 | AC91: =(AB91-AA91)*24 -> 0.95 | AD91: =$AB$4/AC91 -> 12.110526 | AE91: =0.01005*AD91^2-0.3113*AD91+3.484 -> 1.1879749 | AF91: =$AB$4*AE91 -> 13.667651 | AG91: 504
A92: 0.47916667 | B92: 0.51458333 | C92: D2 | D92: =24*(B92-A92) -> 0.85 | E92: =$K$4/D92 -> 16.941176 | F92: =0.01005*E92^2-0.3113*E92+3.484 -> 1.0945965 | G92: =F92*$K$4 -> 15.76219 | H92: 508 | J92: 0.76944444 | K92: 0.80625 | L92: D2 | M92: =24*(K92-J92) -> 0.88333333 | N92: =$K$4/M92 -> 16.301887 | O92: =0.01005*N92^2-0.3113*N92+3.484 -> 1.0800253 | P92: =O92*$K$4 -> 15.552365 | Q92: 504 | S92: 16:02 | T92: 17:03 | U92: =(T92-S92)*24 -> 1.0166667 | V92: =$T$4/U92 -> 11.316393 | W92: =0.01005*V92^2-0.3113*V92+3.484 -> 1.2482174 | X92: =W92*$T$4 -> 14.360741 | Y92: 507 | AA92: 16:22 | AB92: 17:19 | AC92: =(AB92-AA92)*24 -> 0.95 | AD92: =$AB$4/AC92 -> 12.110526 | AE92: =0.01005*AD92^2-0.3113*AD92+3.484 -> 1.1879749 | AF92: =$AB$4*AE92 -> 13.667651 | AG92: 512
A93: 0.4875 | B93: 0.52638889 | C93: D1 | D93: =(B93-A93)*24 -> 0.93333333 | E93: =$B$4/D93 -> 15.428571 | F93: =0.01005*E93^2-0.3113*E93+3.484 -> 1.0733959 | G93: =F93*$B$4 -> 15.456901 | H93: 503 | J93: 0.775 | K93: 0.81041667 | L93: D2 | M93: =24*(K93-J93) -> 0.85 | N93: =$K$4/M93 -> 16.941176 | O93: =0.01005*N93^2-0.3113*N93+3.484 -> 1.0945965 | P93: =O93*$K$4 -> 15.76219 | Q93: 524 | S93: 16:09 | T93: 17:10 | U93: =(T93-S93)*24 -> 1.0166667 | V93: =$T$4/U93 -> 11.316393 | W93: =0.01005*V93^2-0.3113*V93+3.484 -> 1.2482174 | X93: =W93*$T$4 -> 14.360741 | Y93: 505 | AA93: 16:30 | AB93: 17:27 | AC93: =(AB93-AA93)*24 -> 0.95 | AD93: =$AB$4/AC93 -> 12.110526 | AE93: =0.01005*AD93^2-0.3113*AD93+3.484 -> 1.1879749 | AF93: =$AB$4*AE93 -> 13.667651 | AG93: 625
A94: 0.4875 | B94: 0.52361111 | C94: D2 | D94: =24*(B94-A94) -> 0.86666667 | E94: =$K$4/D94 -> 16.615385 | F94: =0.01005*E94^2-0.3113*E94+3.484 -> 1.0861444 | G94: =F94*$K$4 -> 15.640479 | H94: 520 | J94: 0.77986111 | K94: 0.81527778 | L94: D2 | M94: =24*(K94-J94) -> 0.85 | N94: =$K$4/M94 -> 16.941176 | O94: =0.01005*N94^2-0.3113*N94+3.484 -> 1.0945965 | P94: =O94*$K$4 -> 15.76219 | Q94: 519 | S94: 16:17 | T94: 17:18 | U94: =(T94-S94)*24 -> 1.0166667 | V94: =$T$4/U94 -> 11.316393 | W94: =0.01005*V94^2-0.3113*V94+3.484 -> 1.2482174 | X94: =W94*$T$4 -> 14.360741 | Y94: 626 | AA94: 16:37 | AB94: 17:34 | AC94: =(AB94-AA94)*24 -> 0.95 | AD94: =$AB$4/AC94 -> 12.110526 | AE94: =0.01005*AD94^2-0.3113*AD94+3.484 -> 1.1879749 | AF94: =$AB$4*AE94 -> 13.667651 | AG94: 502
A95: 0.49513889 | B95: 0.53194444 | C95: D2 | D95: =24*(B95-A95) -> 0.88333333 | E95: =$K$4/D95 -> 16.301887 | F95: =0.01005*E95^2-0.3113*E95+3.484 -> 1.0800253 | G95: =F95*$K$4 -> 15.552365 | H95: 510 | J95: 0.78472222 | K95: 0.82013889 | L95: D2 | M95: =24*(K95-J95) -> 0.85 | N95: =$K$4/M95 -> 16.941176 | O95: =0.01005*N95^2-0.3113*N95+3.484 -> 1.0945965 | P95: =O95*$K$4 -> 15.76219 | Q95: 525 | S95: 16:24 | T95: 17:25 | U95: =(T95-S95)*24 -> 1.0166667 | V95: =$T$4/U95 -> 11.316393 | W95: =0.01005*V95^2-0.3113*V95+3.484 -> 1.2482174 | X95: =W95*$T$4 -> 14.360741 | Y95: 509 | AA95: 16:45 | AB95: 17:42 | AC95: =(AB95-AA95)*24 -> 0.95 | AD95: =$AB$4/AC95 -> 12.110526 | AE95: =0.01005*AD95^2-0.3113*AD95+3.484 -> 1.1879749 | AF95: =$AB$4*AE95 -> 13.667651 | AG95: 514
A96: 0.49583333 | B96: 0.53472222 | C96: D1 | D96: =(B96-A96)*24 -> 0.93333333 | E96: =$B$4/D96 -> 15.428571 | F96: =0.01005*E96^2-0.3113*E96+3.484 -> 1.0733959 | G96: =F96*$B$4 -> 15.456901 | H96: 505 | J96: 0.79027778 | K96: 0.825 | L96: D2 | M96: =24*(K96-J96) -> 0.83333333 | N96: =$K$4/M96 -> 17.28 | O96: =0.01005*N96^2-0.3113*N96+3.484 -> 1.1056499 | P96: =O96*$K$4 -> 15.921359 | Q96: 508 | S96: 16:32 | T96: 17:33 | U96: =(T96-S96)*24 -> 1.0166667 | V96: =$T$4/U96 -> 11.316393 | W96: =0.01005*V96^2-0.3113*V96+3.484 -> 1.2482174 | X96: =W96*$T$4 -> 14.360741 | Y96: 623 | AA96: 16:52 | AB96: 17:49 | AC96: =(AB96-AA96)*24 -> 0.95 | AD96: =$AB$4/AC96 -> 12.110526 | AE96: =0.01005*AD96^2-0.3113*AD96+3.484 -> 1.1879749 | AF96: =$AB$4*AE96 -> 13.667651 | AG96: 503
A97: 0.50347222 | B97: 0.54027778 | C97: D2 | D97: =24*(B97-A97) -> 0.88333333 | E97: =$K$4/D97 -> 16.301887 | F97: =0.01005*E97^2-0.3113*E97+3.484 -> 1.0800253 | G97: =F97*$K$4 -> 15.552365 | H97: 511 | J97: 0.79513889 | K97: 0.82916667 | L97: D2 | M97: =24*(K97-J97) -> 0.81666667 | N97: =$K$4/M97 -> 17.632653 | O97: =0.01005*N97^2-0.3113*N97+3.484 -> 1.1196052 | P97: =O97*$K$4 -> 16.122314 | Q97: 520 | S97: 16:39 | T97: 17:40 | U97: =(T97-S97)*24 -> 1.0166667 | V97: =$T$4/U97 -> 11.316393 | W97: =0.01005*V97^2-0.3113*V97+3.484 -> 1.2482174 | X97: =W97*$T$4 -> 14.360741 | Y97: 511 | AA97: 17:00 | AB97: 17:57 | AC97: =(AB97-AA97)*24 -> 0.95 | AD97: =$AB$4/AC97 -> 12.110526 | AE97: =0.01005*AD97^2-0.3113*AD97+3.484 -> 1.1879749 | AF97: =$AB$4*AE97 -> 13.667651 | AG97: 513
A98: 0.50416667 | B98: 0.54305556 | C98: D1 | D98: =(B98-A98)*24 -> 0.93333333 | E98: =$B$4/D98 -> 15.428571 | F98: =0.01005*E98^2-0.3113*E98+3.484 -> 1.0733959 | G98: =F98*$B$4 -> 15.456901 | H98: 517 | J98: 0.80069444 | K98: 0.83472222 | L98: D2 | M98: =24*(K98-J98) -> 0.81666667 | N98: =$K$4/M98 -> 17.632653 | O98: =0.01005*N98^2-0.3113*N98+3.484 -> 1.1196052 | P98: =O98*$K$4 -> 16.122314 | Q98: 526 | S98: 16:46 | T98: 17:47 | U98: =(T98-S98)*24 -> 1.0166667 | V98: =$T$4/U98 -> 11.316393 | W98: =0.01005*V98^2-0.3113*V98+3.484 -> 1.2482174 | X98: =W98*$T$4 -> 14.360741 | Y98: 501 | AA98: 17:07 | AB98: 18:04 | AC98: =(AB98-AA98)*24 -> 0.95 | AD98: =$AB$4/AC98 -> 12.110526 | AE98: =0.01005*AD98^2-0.3113*AD98+3.484 -> 1.1879749 | AF98: =$AB$4*AE98 -> 13.667651 | AG98: 621
A99: 0.51180556 | B99: 0.54861111 | C99: D2 | D99: =24*(B99-A99) -> 0.88333333 | E99: =$K$4/D99 -> 16.301887 | F99: =0.01005*E99^2-0.3113*E99+3.484 -> 1.0800253 | G99: =F99*$K$4 -> 15.552365 | H99: 502 | J99: 0.80694444 | K99: 0.84027778 | L99: D2 | M99: =24*(K99-J99) -> 0.8 | N99: =$K$4/M99 -> 18 | O99: =0.01005*N99^2-0.3113*N99+3.484 -> 1.1368 | P99: =O99*$K$4 -> 16.36992 | Q99: 510 | S99: 16:54 | T99: 17:55 | U99: =(T99-S99)*24 -> 1.0166667 | V99: =$T$4/U99 -> 11.316393 | W99: =0.01005*V99^2-0.3113*V99+3.484 -> 1.2482174 | X99: =W99*$T$4 -> 14.360741 | Y99: 508 | AA99: 17:15 | AB99: 18:12 | AC99: =(AB99-AA99)*24 -> 0.95 | AD99: =$AB$4/AC99 -> 12.110526 | AE99: =0.01005*AD99^2-0.3113*AD99+3.484 -> 1.1879749 | AF99: =$AB$4*AE99 -> 13.667651 | AG99: 622
A100: 0.5125 | B100: 0.55138889 | C100: D1 | D100: =(B100-A100)*24 -> 0.93333333 | E100: =$B$4/D100 -> 15.428571 | F100: =0.01005*E100^2-0.3113*E100+3.484 -> 1.0733959 | G100: =F100*$B$4 -> 15.456901 | H100: 504 | J100: 0.8125 | K100: 0.84583333 | L100: D2 | M100: =24*(K100-J100) -> 0.8 | N100: =$K$4/M100 -> 18 | O100: =0.01005*N100^2-0.3113*N100+3.484 -> 1.1368 | P100: =O100*$K$4 -> 16.36992 | Q100: 527 | S100: 17:02 | T100: 18:02 | U100: =(T100-S100)*24 -> 1 | V100: =$T$4/U100 -> 11.505 | W100: =0.01005*V100^2-0.3113*V100+3.484 -> 1.232762 | X100: =W100*$T$4 -> 14.182927 | Y100: 515 | AA100: 17:23 | AB100: 18:20 | AC100: =(AB100-AA100)*24 -> 0.95 | AD100: =$AB$4/AC100 -> 12.110526 | AE100: =0.01005*AD100^2-0.3113*AD100+3.484 -> 1.1879749 | AF100: =$AB$4*AE100 -> 13.667651 | AG100: 507
A101: 0.52013889 | B101: 0.55694444 | C101: D2 | D101: =24*(B101-A101) -> 0.88333333 | E101: =$K$4/D101 -> 16.301887 | F101: =0.01005*E101^2-0.3113*E101+3.484 -> 1.0800253 | G101: =F101*$K$4 -> 15.552365 | H101: 514 | J101: 0.81805556 | K101: 0.85138889 | L101: D2 | M101: =24*(K101-J101) -> 0.8 | N101: =$K$4/M101 -> 18 | O101: =0.01005*N101^2-0.3113*N101+3.484 -> 1.1368 | P101: =O101*$K$4 -> 16.36992 | Q101: 528 | S101: 17:09 | T101: 18:09 | U101: =(T101-S101)*24 -> 1 | V101: =$T$4/U101 -> 11.505 | W101: =0.01005*V101^2-0.3113*V101+3.484 -> 1.232762 | X101: =W101*$T$4 -> 14.182927 | Y101: 624 | AA101: 17:31 | AB101: 18:28 | AC101: =(AB101-AA101)*24 -> 0.95 | AD101: =$AB$4/AC101 -> 12.110526 | AE101: =0.01005*AD101^2-0.3113*AD101+3.484 -> 1.1879749 | AF101: =$AB$4*AE101 -> 13.667651 | AG101: 505
A102: 0.52083333 | B102: 0.55972222 | C102: D1 | D102: =(B102-A102)*24 -> 0.93333333 | E102: =$B$4/D102 -> 15.428571 | F102: =0.01005*E102^2-0.3113*E102+3.484 -> 1.0733959 | G102: =F102*$B$4 -> 15.456901 | H102: 519 | J102: 0.825 | K102: 0.85694444 | L102: D2 | M102: =24*(K102-J102) -> 0.76666667 | N102: =$K$4/M102 -> 18.782609 | O102: =0.01005*N102^2-0.3113*N102+3.484 -> 1.1824771 | P102: =O102*$K$4 -> 17.027671 | Q102: 502 | S102: 17:17 | T102: 18:17 | U102: =(T102-S102)*24 -> 1 | V102: =$T$4/U102 -> 11.505 | W102: =0.01005*V102^2-0.3113*V102+3.484 -> 1.232762 | X102: =W102*$T$4 -> 14.182927 | Y102: 510 | AA102: 17:38 | AB102: 18:35 | AC102: =(AB102-AA102)*24 -> 0.95 | AD102: =$AB$4/AC102 -> 12.110526 | AE102: =0.01005*AD102^2-0.3113*AD102+3.484 -> 1.1879749 | AF102: =$AB$4*AE102 -> 13.667651 | AG102: 626
...

Sheet Trips
A1: Trip index | B1: Departure time | C1: Arrival Time | D1: Bus assigned | E1: Departure Depot | F1: Arrival Depot | G1: Distance of trip | H1: Consumption of Trip (kWh/km) | I1: Events covered | J1: Arrival/Departure at D0 | K1: Arrival D0 | L1: Arrival/Departure at D1 | M1: Arrival/Departure at D2 | N1: Duration of trip (hrs) | O1: Avg Speed during trip (km/h) | P1: Avg Speed during trip (m/s) | Q1: Consumption of trip (kWh)
A2: 1 | B2: 0.19861111 | C2: 0.24305556 | D2: 501 | E2: =IF(COUNTIF($D$2:D2,D2)=1,"D0",'Bus 53 and 46'!C7) -> D0 | F2: =IF(COUNTIF(D2:$D$233,D2)=1, "D0", IF('Bus 53 and 46'!C7 = "D2", "D1","D2")) -> D1 | G2: 32 | H2: =0.01005*(P2)^2-0.3113*P2+3.484 -> 1.58775 | I2: {=_xlfn.TEXTJOIN(", ", TRUE, _xlfn._xlws.FILTER('Events only'!$C$2:$C$411, ((Trips!B2 <= 'Events only'!$A$2:$A$411) * (Trips!C2 > 'Events only'!$A$2:$A$411)) + ((Trips!B2 > Trips!C2) * ((Trips!B2 <= 'Events only'!$A$2:$A$411) + ('Events only'!$A$2:$A$411 < Trips!C2))), "No Match"))} -> 1, 2, 3, 4, 5, 6, 7, 8, 9, 10, 11 | J2: =IF(E2="D0",LEFT(I2,FIND(",",I2)-1),IF(F2="D0",RIGHT(I2,LEN(I2)-FIND("#",SUBSTITUTE(I2,",","#",LEN(I2)-LEN(SUBSTITUTE(I2,",",""))))),"- ")) -> 1 | K2: =IF(F2="D0",RIGHT(I2,LEN(I2)-FIND("#",SUBSTITUTE(I2,",","#",LEN(I2)-LEN(SUBSTITUTE(I2,",",""))))),"- ") -> - | L2: =IF(E2="D1",LEFT(I2,FIND(",",I2)-1),IF(F2="D1",RIGHT(I2,LEN(I2)-FIND("#",SUBSTITUTE(I2,",","#",LEN(I2)-LEN(SUBSTITUTE(I2,",","")))))," - ")) -> 11 | M2: =IF(E2="D2",LEFT(I2,FIND(",",I2)-1),IF(F2="D2",RIGHT(I2,LEN(I2)-FIND("#",SUBSTITUTE(I2,",","#",LEN(I2)-LEN(SUBSTITUTE(I2,",","")))))," - ")) -> - | N2: =24*(C2-B2) -> 1.0666667 | O2: =G2/N2 -> 30 | P2: =O2*(10/36) -> 8.3333333 | Q2: 44.381156
A3: 2 | B3: 0.21388889 | C3: 0.25208333 | D3: 504 | E3: =IF(COUNTIF($D$2:D3,D3)=1,"D0",'Bus 53 and 46'!C8) -> D0 | F3: =IF(COUNTIF(D3:$D$233,D3)=1, "D0", IF('Bus 53 and 46'!C8 = "D2", "D1","D2")) -> D2 | G3: 16.8 | H3: =0.01005*(P3)^2-0.3113*P3+3.484 -> 2.1596694 | I3: {=_xlfn.TEXTJOIN(", ", TRUE, _xlfn._xlws.FILTER('Events only'!$C$2:$C$411, ((Trips!B3 <= 'Events only'!$A$2:$A$411) * (Trips!C3 > 'Events only'!$A$2:$A$411)) + ((Trips!B3 > Trips!C3) * ((Trips!B3 <= 'Events only'!$A$2:$A$411) + ('Events only'!$A$2:$A$411 < Trips!C3))), "No Match"))} -> 4, 5, 6, 7, 8, 9, 10, 11, 12, 13, 14 | J3: =IF(E3="D0",LEFT(I3,FIND(",",I3)-1),IF(F3="D0",RIGHT(I3,LEN(I3)-FIND("#",SUBSTITUTE(I3,",","#",LEN(I3)-LEN(SUBSTITUTE(I3,",",""))))),"- ")) -> 4 | K3: =IF(F3="D0",RIGHT(I3,LEN(I3)-FIND("#",SUBSTITUTE(I3,",","#",LEN(I3)-LEN(SUBSTITUTE(I3,",",""))))),"- ") -> - | L3: =IF(E3="D1",LEFT(I3,FIND(",",I3)-1),IF(F3="D1",RIGHT(I3,LEN(I3)-FIND("#",SUBSTITUTE(I3,",","#",LEN(I3)-LEN(SUBSTITUTE(I3,",","")))))," - ")) -> - | M3: =IF(E3="D2",LEFT(I3,FIND(",",I3)-1),IF(F3="D2",RIGHT(I3,LEN(I3)-FIND("#",SUBSTITUTE(I3,",","#",LEN(I3)-LEN(SUBSTITUTE(I3,",","")))))," - ")) -> 14 | N3: =24*(C3-B3) -> 0.91666667 | O3: =G3/N3 -> 18.327273 | P3: =O3*(10/36) -> 5.0909091 | Q3: 20.35945
A4: 3 | B4: 0.22083333 | C4: 0.25902778 | D4: 506 | E4: =IF(COUNTIF($D$2:D4,D4)=1,"D0",'Bus 53 and 46'!C9) -> D0 | F4: =IF(COUNTIF(D4:$D$233,D4)=1, "D0", IF('Bus 53 and 46'!C9 = "D2", "D1","D2")) -> D2 | G4: 16.8 | H4: =0.01005*(P4)^2-0.3113*P4+3.484 -> 2.1596694 | I4: {=_xlfn.TEXTJOIN(", ", TRUE, _xlfn._xlws.FILTER('Events only'!$C$2:$C$411, ((Trips!B4 <= 'Events only'!$A$2:$A$411) * (Trips!C4 > 'Events only'!$A$2:$A$411)) + ((Trips!B4 > Trips!C4) * ((Trips!B4 <= 'Events only'!$A$2:$A$411) + ('Events only'!$A$2:$A$411 < Trips!C4))), "No Match"))} -> 5, 6, 7, 8, 9, 10, 11, 12, 13, 14, 15, 16, 17, 18 | J4: =IF(E4="D0",LEFT(I4,FIND(",",I4)-1),IF(F4="D0",RIGHT(I4,LEN(I4)-FIND("#",SUBSTITUTE(I4,",","#",LEN(I4)-LEN(SUBSTITUTE(I4,",",""))))),"- ")) -> 5 | K4: =IF(F4="D0",RIGHT(I4,LEN(I4)-FIND("#",SUBSTITUTE(I4,",","#",LEN(I4)-LEN(SUBSTITUTE(I4,",",""))))),"- ") -> - | L4: =IF(E4="D1",LEFT(I4,FIND(",",I4)-1),IF(F4="D1",RIGHT(I4,LEN(I4)-FIND("#",SUBSTITUTE(I4,",","#",LEN(I4)-LEN(SUBSTITUTE(I4,",","")))))," - ")) -> - | M4: =IF(E4="D2",LEFT(I4,FIND(",",I4)-1),IF(F4="D2",RIGHT(I4,LEN(I4)-FIND("#",SUBSTITUTE(I4,",","#",LEN(I4)-LEN(SUBSTITUTE(I4,",","")))))," - ")) -> 18 | N4: =24*(C4-B4) -> 0.91666667 | O4: =G4/N4 -> 18.327273 | P4: =O4*(10/36) -> 5.0909091 | Q4: 20.35945
A5: 4 | B5: 0.2125 | C5: 0.25694444 | D5: 502 | E5: =IF(COUNTIF($D$2:D5,D5)=1,"D0",'Bus 53 and 46'!C10) -> D0 | F5: =IF(COUNTIF(D5:$D$233,D5)=1, "D0", IF('Bus 53 and 46'!C10 = "D2", "D1","D2")) -> D1 | G5: 32 | H5: =0.01005*(P5)^2-0.3113*P5+3.484 -> 1.58775 | I5: {=_xlfn.TEXTJOIN(", ", TRUE, _xlfn._xlws.FILTER('Events only'!$C$2:$C$411, ((Trips!B5 <= 'Events only'!$A$2:$A$411) * (Trips!C5 > 'Events only'!$A$2:$A$411)) + ((Trips!B5 > Trips!C5) * ((Trips!B5 <= 'Events only'!$A$2:$A$411) + ('Events only'!$A$2:$A$411 < Trips!C5))), "No Match"))} -> 3, 4, 5, 6, 7, 8, 9, 10, 11, 12, 13, 14, 15, 16, 17 | J5: =IF(E5="D0",LEFT(I5,FIND(",",I5)-1),IF(F5="D0",RIGHT(I5,LEN(I5)-FIND("#",SUBSTITUTE(I5,",","#",LEN(I5)-LEN(SUBSTITUTE(I5,",",""))))),"- ")) -> 3 | K5: =IF(F5="D0",RIGHT(I5,LEN(I5)-FIND("#",SUBSTITUTE(I5,",","#",LEN(I5)-LEN(SUBSTITUTE(I5,",",""))))),"- ") -> - | L5: =IF(E5="D1",LEFT(I5,FIND(",",I5)-1),IF(F5="D1",RIGHT(I5,LEN(I5)-FIND("#",SUBSTITUTE(I5,",","#",LEN(I5)-LEN(SUBSTITUTE(I5,",","")))))," - ")) -> 17 | M5: =IF(E5="D2",LEFT(I5,FIND(",",I5)-1),IF(F5="D2",RIGHT(I5,LEN(I5)-FIND("#",SUBSTITUTE(I5,",","#",LEN(I5)-LEN(SUBSTITUTE(I5,",","")))))," - ")) -> - | N5: =24*(C5-B5) -> 1.0666667 | O5: =G5/N5 -> 30 | P5: =O5*(10/36) -> 8.3333333 | Q5: 44.381156
A6: 5 | B6: 0.22777778 | C6: 0.26597222 | D6: 507 | E6: =IF(COUNTIF($D$2:D6,D6)=1,"D0",'Bus 53 and 46'!C11) -> D0 | F6: =IF(COUNTIF(D6:$D$233,D6)=1, "D0", IF('Bus 53 and 46'!C11 = "D2", "D1","D2")) -> D2 | G6: 16.8 | H6: =0.01005*(P6)^2-0.3113*P6+3.484 -> 2.1596694 | I6: {=_xlfn.TEXTJOIN(", ", TRUE, _xlfn._xlws.FILTER('Events only'!$C$2:$C$411, ((Trips!B6 <= 'Events only'!$A$2:$A$411) * (Trips!C6 > 'Events only'!$A$2:$A$411)) + ((Trips!B6 > Trips!C6) * ((Trips!B6 <= 'Events only'!$A$2:$A$411) + ('Events only'!$A$2:$A$411 < Trips!C6))), "No Match"))} -> 7, 8, 9, 10, 11, 12, 13, 14, 15, 16, 17, 18, 19, 20, 21 | J6: =IF(E6="D0",LEFT(I6,FIND(",",I6)-1),IF(F6="D0",RIGHT(I6,LEN(I6)-FIND("#",SUBSTITUTE(I6,",","#",LEN(I6)-LEN(SUBSTITUTE(I6,",",""))))),"- ")) -> 7 | K6: =IF(F6="D0",RIGHT(I6,LEN(I6)-FIND("#",SUBSTITUTE(I6,",","#",LEN(I6)-LEN(SUBSTITUTE(I6,",",""))))),"- ") -> - | L6: =IF(E6="D1",LEFT(I6,FIND(",",I6)-1),IF(F6="D1",RIGHT(I6,LEN(I6)-FIND("#",SUBSTITUTE(I6,",","#",LEN(I6)-LEN(SUBSTITUTE(I6,",","")))))," - ")) -> - | M6: =IF(E6="D2",LEFT(I6,FIND(",",I6)-1),IF(F6="D2",RIGHT(I6,LEN(I6)-FIND("#",SUBSTITUTE(I6,",","#",LEN(I6)-LEN(SUBSTITUTE(I6,",","")))))," - ")) -> 21 | N6: =24*(C6-B6) -> 0.91666667 | O6: =G6/N6 -> 18.327273 | P6: =O6*(10/36) -> 5.0909091 | Q6: 20.35945
A7: 6 | B7: 0.23402778 | C7: 0.27222222 | D7: 508 | E7: =IF(COUNTIF($D$2:D7,D7)=1,"D0",'Bus 53 and 46'!C12) -> D0 | F7: =IF(COUNTIF(D7:$D$233,D7)=1, "D0", IF('Bus 53 and 46'!C12 = "D2", "D1","D2")) -> D2 | G7: 16.8 | H7: =0.01005*(P7)^2-0.3113*P7+3.484 -> 2.1596694 | I7: {=_xlfn.TEXTJOIN(", ", TRUE, _xlfn._xlws.FILTER('Events only'!$C$2:$C$411, ((Trips!B7 <= 'Events only'!$A$2:$A$411) * (Trips!C7 > 'Events only'!$A$2:$A$411)) + ((Trips!B7 > Trips!C7) * ((Trips!B7 <= 'Events only'!$A$2:$A$411) + ('Events only'!$A$2:$A$411 < Trips!C7))), "No Match"))} -> 8, 9, 10, 11, 12, 13, 14, 15, 16, 17, 18, 19, 20, 21, 22, 23, 24, 25, 26 | J7: =IF(E7="D0",LEFT(I7,FIND(",",I7)-1),IF(F7="D0",RIGHT(I7,LEN(I7)-FIND("#",SUBSTITUTE(I7,",","#",LEN(I7)-LEN(SUBSTITUTE(I7,",",""))))),"- ")) -> 8 | K7: =IF(F7="D0",RIGHT(I7,LEN(I7)-FIND("#",SUBSTITUTE(I7,",","#",LEN(I7)-LEN(SUBSTITUTE(I7,",",""))))),"- ") -> - | L7: =IF(E7="D1",LEFT(I7,FIND(",",I7)-1),IF(F7="D1",RIGHT(I7,LEN(I7)-FIND("#",SUBSTITUTE(I7,",","#",LEN(I7)-LEN(SUBSTITUTE(I7,",","")))))," - ")) -> - | M7: =IF(E7="D2",LEFT(I7,FIND(",",I7)-1),IF(F7="D2",RIGHT(I7,LEN(I7)-FIND("#",SUBSTITUTE(I7,",","#",LEN(I7)-LEN(SUBSTITUTE(I7,",","")))))," - ")) -> 26 | N7: =24*(C7-B7) -> 0.91666667 | O7: =G7/N7 -> 18.327273 | P7: =O7*(10/36) -> 5.0909091 | Q7: 20.35945
A8: 7 | B8: 0.225 | C8: 0.26944444 | D8: 503 | E8: =IF(COUNTIF($D$2:D8,D8)=1,"D0",'Bus 53 and 46'!C13) -> D0 | F8: =IF(COUNTIF(D8:$D$233,D8)=1, "D0", IF('Bus 53 and 46'!C13 = "D2", "D1","D2")) -> D1 | G8: 32 | H8: =0.01005*(P8)^2-0.3113*P8+3.484 -> 1.58775 | I8: {=_xlfn.TEXTJOIN(", ", TRUE, _xlfn._xlws.FILTER('Events only'!$C$2:$C$411, ((Trips!B8 <= 'Events only'!$A$2:$A$411) * (Trips!C8 > 'Events only'!$A$2:$A$411)) + ((Trips!B8 > Trips!C8) * ((Trips!B8 <= 'Events only'!$A$2:$A$411) + ('Events only'!$A$2:$A$411 < Trips!C8))), "No Match"))} -> 6, 7, 8, 9, 10, 11, 12, 13, 14, 15, 16, 17, 18, 19, 20, 21, 22, 23, 24 | J8: =IF(E8="D0",LEFT(I8,FIND(",",I8)-1),IF(F8="D0",RIGHT(I8,LEN(I8)-FIND("#",SUBSTITUTE(I8,",","#",LEN(I8)-LEN(SUBSTITUTE(I8,",",""))))),"- ")) -> 6 | K8: =IF(F8="D0",RIGHT(I8,LEN(I8)-FIND("#",SUBSTITUTE(I8,",","#",LEN(I8)-LEN(SUBSTITUTE(I8,",",""))))),"- ") -> - | L8: =IF(E8="D1",LEFT(I8,FIND(",",I8)-1),IF(F8="D1",RIGHT(I8,LEN(I8)-FIND("#",SUBSTITUTE(I8,",","#",LEN(I8)-LEN(SUBSTITUTE(I8,",","")))))," - ")) -> 24 | M8: =IF(E8="D2",LEFT(I8,FIND(",",I8)-1),IF(F8="D2",RIGHT(I8,LEN(I8)-FIND("#",SUBSTITUTE(I8,",","#",LEN(I8)-LEN(SUBSTITUTE(I8,",","")))))," - ")) -> - | N8: =24*(C8-B8) -> 1.0666667 | O8: =G8/N8 -> 30 | P8: =O8*(10/36) -> 8.3333333 | Q8: 44.381156
A9: 8 | B9: 0.23819444 | C9: 0.27638889 | D9: 509 | E9: =IF(COUNTIF($D$2:D9,D9)=1,"D0",'Bus 53 and 46'!C14) -> D0 | F9: =IF(COUNTIF(D9:$D$233,D9)=1, "D0", IF('Bus 53 and 46'!C14 = "D2", "D1","D2")) -> D2 | G9: 16.8 | H9: =0.01005*(P9)^2-0.3113*P9+3.484 -> 2.1596694 | I9: {=_xlfn.TEXTJOIN(", ", TRUE, _xlfn._xlws.FILTER('Events only'!$C$2:$C$411, ((Trips!B9 <= 'Events only'!$A$2:$A$411) * (Trips!C9 > 'Events only'!$A$2:$A$411)) + ((Trips!B9 > Trips!C9) * ((Trips!B9 <= 'Events only'!$A$2:$A$411) + ('Events only'!$A$2:$A$411 < Trips!C9))), "No Match"))} -> 10, 11, 12, 13, 14, 15, 16, 17, 18, 19, 20, 21, 22, 23, 24, 25, 26, 27, 28 | J9: =IF(E9="D0",LEFT(I9,FIND(",",I9)-1),IF(F9="D0",RIGHT(I9,LEN(I9)-FIND("#",SUBSTITUTE(I9,",","#",LEN(I9)-LEN(SUBSTITUTE(I9,",",""))))),"- ")) -> 10 | K9: =IF(F9="D0",RIGHT(I9,LEN(I9)-FIND("#",SUBSTITUTE(I9,",","#",LEN(I9)-LEN(SUBSTITUTE(I9,",",""))))),"- ") -> - | L9: =IF(E9="D1",LEFT(I9,FIND(",",I9)-1),IF(F9="D1",RIGHT(I9,LEN(I9)-FIND("#",SUBSTITUTE(I9,",","#",LEN(I9)-LEN(SUBSTITUTE(I9,",","")))))," - ")) -> - | M9: =IF(E9="D2",LEFT(I9,FIND(",",I9)-1),IF(F9="D2",RIGHT(I9,LEN(I9)-FIND("#",SUBSTITUTE(I9,",","#",LEN(I9)-LEN(SUBSTITUTE(I9,",","")))))," - ")) -> 28 | N9: =24*(C9-B9) -> 0.91666667 | O9: =G9/N9 -> 18.327273 | P9: =O9*(10/36) -> 5.0909091 | Q9: 20.35945
A10: 9 | B10: 0.24236111 | C10: 0.28125 | D10: 510 | E10: =IF(COUNTIF($D$2:D10,D10)=1,"D0",'Bus 53 and 46'!C15) -> D0 | F10: =IF(COUNTIF(D10:$D$233,D10)=1, "D0", IF('Bus 53 and 46'!C15 = "D2", "D1","D2")) -> D2 | G10: 16.8 | H10: =0.01005*(P10)^2-0.3113*P10+3.484 -> 2.17875 | I10: {=_xlfn.TEXTJOIN(", ", TRUE, _xlfn._xlws.FILTER('Events only'!$C$2:$C$411, ((Trips!B10 <= 'Events only'!$A$2:$A$411) * (Trips!C10 > 'Events only'!$A$2:$A$411)) + ((Trips!B10 > Trips!C10) * ((Trips!B10 <= 'Events only'!$A$2:$A$411) + ('Events only'!$A$2:$A$411 < Trips!C10))), "No Match"))} -> 11, 12, 13, 14, 15, 16, 17, 18, 19, 20, 21, 22, 23, 24, 25, 26, 27, 28, 29, 30, 31 | J10: =IF(E10="D0",LEFT(I10,FIND(",",I10)-1),IF(F10="D0",RIGHT(I10,LEN(I10)-FIND("#",SUBSTITUTE(I10,",","#",LEN(I10)-LEN(SUBSTITUTE(I10,",",""))))),"- ")) -> 11 | K10: =IF(F10="D0",RIGHT(I10,LEN(I10)-FIND("#",SUBSTITUTE(I10,",","#",LEN(I10)-LEN(SUBSTITUTE(I10,",",""))))),"- ") -> - | L10: =IF(E10="D1",LEFT(I10,FIND(",",I10)-1),IF(F10="D1",RIGHT(I10,LEN(I10)-FIND("#",SUBSTITUTE(I10,",","#",LEN(I10)-LEN(SUBSTITUTE(I10,",","")))))," - ")) -> - | M10: =IF(E10="D2",LEFT(I10,FIND(",",I10)-1),IF(F10="D2",RIGHT(I10,LEN(I10)-FIND("#",SUBSTITUTE(I10,",","#",LEN(I10)-LEN(SUBSTITUTE(I10,",","")))))," - ")) -> 31 | N10: =24*(C10-B10) -> 0.93333333 | O10: =G10/N10 -> 18 | P10: =O10*(10/36) -> 5 | Q10: 19.865616
A11: 10 | B11: 0.23541667 | C11: 0.28055556 | D11: 505 | E11: =IF(COUNTIF($D$2:D11,D11)=1,"D0",'Bus 53 and 46'!C16) -> D0 | F11: =IF(COUNTIF(D11:$D$233,D11)=1, "D0", IF('Bus 53 and 46'!C16 = "D2", "D1","D2")) -> D1 | G11: 32 | H11: =0.01005*(P11)^2-0.3113*P11+3.484 -> 1.6063511 | I11: {=_xlfn.TEXTJOIN(", ", TRUE, _xlfn._xlws.FILTER('Events only'!$C$2:$C$411, ((Trips!B11 <= 'Events only'!$A$2:$A$411) * (Trips!C11 > 'Events only'!$A$2:$A$411)) + ((Trips!B11 > Trips!C11) * ((Trips!B11 <= 'Events only'!$A$2:$A$411) + ('Events only'!$A$2:$A$411 < Trips!C11))), "No Match"))} -> 9, 10, 11, 12, 13, 14, 15, 16, 17, 18, 19, 20, 21, 22, 23, 24, 25, 26, 27, 28, 29, 30 | J11: =IF(E11="D0",LEFT(I11,FIND(",",I11)-1),IF(F11="D0",RIGHT(I11,LEN(I11)-FIND("#",SUBSTITUTE(I11,",","#",LEN(I11)-LEN(SUBSTITUTE(I11,",",""))))),"- ")) -> 9 | K11: =IF(F11="D0",RIGHT(I11,LEN(I11)-FIND("#",SUBSTITUTE(I11,",","#",LEN(I11)-LEN(SUBSTITUTE(I11,",",""))))),"- ") -> - | L11: =IF(E11="D1",LEFT(I11,FIND(",",I11)-1),IF(F11="D1",RIGHT(I11,LEN(I11)-FIND("#",SUBSTITUTE(I11,",","#",LEN(I11)-LEN(SUBSTITUTE(I11,",","")))))," - ")) -> 30 | M11: =IF(E11="D2",LEFT(I11,FIND(",",I11)-1),IF(F11="D2",RIGHT(I11,LEN(I11)-FIND("#",SUBSTITUTE(I11,",","#",LEN(I11)-LEN(SUBSTITUTE(I11,",","")))))," - ")) -> - | N11: =24*(C11-B11) -> 1.0833333 | O11: =G11/N11 -> 29.538462 | P11: =O11*(10/36) -> 8.2051282 | Q11: 42.659527
A12: 11 | B12: 0.25347222 | C12: 0.28541667 | D12: 501 | E12: =IF(COUNTIF($D$2:D12,D12)=1,"D0",'Bus 53 and 46'!C17) -> D1 | F12: =IF(COUNTIF(D12:$D$233,D12)=1, "D0", IF('Bus 53 and 46'!C17 = "D2", "D1","D2")) -> D2 | G12: 14.4 | H12: =0.01005*(P12)^2-0.3113*P12+3.484 -> 2.1333989 | I12: {=_xlfn.TEXTJOIN(", ", TRUE, _xlfn._xlws.FILTER('Events only'!$C$2:$C$411, ((Trips!B12 <= 'Events only'!$A$2:$A$411) * (Trips!C12 > 'Events only'!$A$2:$A$411)) + ((Trips!B12 > Trips!C12) * ((Trips!B12 <= 'Events only'!$A$2:$A$411) + ('Events only'!$A$2:$A$411 < Trips!C12))), "No Match"))} -> 16, 17, 18, 19, 20, 21, 22, 23, 24, 25, 26, 27, 28, 29, 30, 31, 32, 33 | J12: =IF(E12="D0",LEFT(I12,FIND(",",I12)-1),IF(F12="D0",RIGHT(I12,LEN(I12)-FIND("#",SUBSTITUTE(I12,",","#",LEN(I12)-LEN(SUBSTITUTE(I12,",",""))))),"- ")) -> - | K12: =IF(F12="D0",RIGHT(I12,LEN(I12)-FIND("#",SUBSTITUTE(I12,",","#",LEN(I12)-LEN(SUBSTITUTE(I12,",",""))))),"- ") -> - | L12: =IF(E12="D1",LEFT(I12,FIND(",",I12)-1),IF(F12="D1",RIGHT(I12,LEN(I12)-FIND("#",SUBSTITUTE(I12,",","#",LEN(I12)-LEN(SUBSTITUTE(I12,",","")))))," - ")) -> 16 | M12: =IF(E12="D2",LEFT(I12,FIND(",",I12)-1),IF(F12="D2",RIGHT(I12,LEN(I12)-FIND("#",SUBSTITUTE(I12,",","#",LEN(I12)-LEN(SUBSTITUTE(I12,",","")))))," - ")) -> 33 | N12: =24*(C12-B12) -> 0.76666667 | O12: =G12/N12 -> 18.782609 | P12: =O12*(10/36) -> 5.2173913 | Q12: 17.027671
A13: 12 | B13: 0.25069444 | C13: 0.29097222 | D13: 511 | E13: =IF(COUNTIF($D$2:D13,D13)=1,"D0",'Bus 53 and 46'!C18) -> D0 | F13: =IF(COUNTIF(D13:$D$233,D13)=1, "D0", IF('Bus 53 and 46'!C18 = "D2", "D1","D2")) -> D2 | G13: 16.8 | H13: =0.01005*(P13)^2-0.3113*P13+3.484 -> 2.2153936 | I13: {=_xlfn.TEXTJOIN(", ", TRUE, _xlfn._xlws.FILTER('Events only'!$C$2:$C$411, ((Trips!B13 <= 'Events only'!$A$2:$A$411) * (Trips!C13 > 'Events only'!$A$2:$A$411)) + ((Trips!B13 > Trips!C13) * ((Trips!B13 <= 'Events only'!$A$2:$A$411) + ('Events only'!$A$2:$A$411 < Trips!C13))), "No Match"))} -> 14, 15, 16, 17, 18, 19, 20, 21, 22, 23, 24, 25, 26, 27, 28, 29, 30, 31, 32, 33, 34, 35, 36 | J13: =IF(E13="D0",LEFT(I13,FIND(",",I13)-1),IF(F13="D0",RIGHT(I13,LEN(I13)-FIND("#",SUBSTITUTE(I13,",","#",LEN(I13)-LEN(SUBSTITUTE(I13,",",""))))),"- ")) -> 14 | K13: =IF(F13="D0",RIGHT(I13,LEN(I13)-FIND("#",SUBSTITUTE(I13,",","#",LEN(I13)-LEN(SUBSTITUTE(I13,",",""))))),"- ") -> - | L13: =IF(E13="D1",LEFT(I13,FIND(",",I13)-1),IF(F13="D1",RIGHT(I13,LEN(I13)-FIND("#",SUBSTITUTE(I13,",","#",LEN(I13)-LEN(SUBSTITUTE(I13,",","")))))," - ")) -> - | M13: =IF(E13="D2",LEFT(I13,FIND(",",I13)-1),IF(F13="D2",RIGHT(I13,LEN(I13)-FIND("#",SUBSTITUTE(I13,",","#",LEN(I13)-LEN(SUBSTITUTE(I13,",","")))))," - ")) -> 36 | N13: =24*(C13-B13) -> 0.96666667 | O13: =G13/N13 -> 17.37931 | P13: =O13*(10/36) -> 4.8275862 | Q13: 19.09824
... A226: 225 | B226: 0.96736111 | C226: 0.99583333 | D226: 525 | E226: =IF(COUNTIF($D$2:D226,D226)=1,"D0",'Bus 53 and 46'!C231) -> D2 | F226: =IF(COUNTIF(D226:$D$233,D226)=1, "D0", IF('Bus 53 and 46'!C231 = "D2", "D1","D2")) -> D1 | G226: 14.4 | H226: =0.01005*(P226)^2-0.3113*P226+3.484 -> 2.0061225 | I226: {=_xlfn.TEXTJOIN(", ", TRUE, _xlfn._xlws.FILTER('Events only'!$C$2:$C$411, ((Trips!B226 <= 'Events only'!$A$2:$A$411) * (Trips!C226 > 'Events only'!$A$2:$A$411)) + ((Trips!B226 > Trips!C226) * ((Trips!B226 <= 'Events only'!$A$2:$A$411) + ('Events only'!$A$2:$A$411 < Trips!C226))), "No Match"))} -> 387, 388, 389, 390, 391, 392, 393, 394 | J226: =IF(E226="D0",LEFT(I226,FIND(",",I226)-1),IF(F226="D0",RIGHT(I226,LEN(I226)-FIND("#",SUBSTITUTE(I226,",","#",LEN(I226)-LEN(SUBSTITUTE(I226,",",""))))),"- ")) -> - | K226: =IF(F226="D0",RIGHT(I226,LEN(I226)-FIND("#",SUBSTITUTE(I226,",","#",LEN(I226)-LEN(SUBSTITUTE(I226,",",""))))),"- ") -> - | L226: =IF(E226="D1",LEFT(I226,FIND(",",I226)-1),IF(F226="D1",RIGHT(I226,LEN(I226)-FIND("#",SUBSTITUTE(I226,",","#",LEN(I226)-LEN(SUBSTITUTE(I226,",","")))))," - ")) -> 394 | M226: =IF(E226="D2",LEFT(I226,FIND(",",I226)-1),IF(F226="D2",RIGHT(I226,LEN(I226)-FIND("#",SUBSTITUTE(I226,",","#",LEN(I226)-LEN(SUBSTITUTE(I226,",","")))))," - ")) -> 387 | N226: =24*(C226-B226) -> 0.68333333 | O226: =G226/N226 -> 21.073171 | P226: =O226*(10/36) -> 5.8536585 | Q226: 19.97152
A227: 226 | B227: 0.97708333 | C227: 0.024305556 | D227: 521 | E227: =IF(COUNTIF($D$2:D227,D227)=1,"D0",'Bus 53 and 46'!C232) -> D1 | F227: =IF(COUNTIF(D227:$D$233,D227)=1, "D0", IF('Bus 53 and 46'!C232 = "D2", "D1","D2")) -> D0 | G227: 32 | H227: =0.01005*(P227)^2-0.3113*P227+3.484 -> 1.6606551 | I227: {=_xlfn.TEXTJOIN(", ", TRUE, _xlfn._xlws.FILTER('Events only'!$C$2:$C$411, ((Trips!B227 <= 'Events only'!$A$2:$A$411) * (Trips!C227 > 'Events only'!$A$2:$A$411)) + ((Trips!B227 > Trips!C227) * ((Trips!B227 <= 'Events only'!$A$2:$A$411) + ('Events only'!$A$2:$A$411 < Trips!C227))), "No Match"))} -> 389, 390, 391, 392, 393, 394, 395, 396, 397, 398, 399, 400, 401 | J227: =IF(E227="D0",LEFT(I227,FIND(",",I227)-1),IF(F227="D0",RIGHT(I227,LEN(I227)-FIND("#",SUBSTITUTE(I227,",","#",LEN(I227)-LEN(SUBSTITUTE(I227,",",""))))),"- ")) -> 401 | K227: =IF(F227="D0",RIGHT(I227,LEN(I227)-FIND("#",SUBSTITUTE(I227,",","#",LEN(I227)-LEN(SUBSTITUTE(I227,",",""))))),"- ") -> 401 | L227: =IF(E227="D1",LEFT(I227,FIND(",",I227)-1),IF(F227="D1",RIGHT(I227,LEN(I227)-FIND("#",SUBSTITUTE(I227,",","#",LEN(I227)-LEN(SUBSTITUTE(I227,",","")))))," - ")) -> 389 | M227: =IF(E227="D2",LEFT(I227,FIND(",",I227)-1),IF(F227="D2",RIGHT(I227,LEN(I227)-FIND("#",SUBSTITUTE(I227,",","#",LEN(I227)-LEN(SUBSTITUTE(I227,",","")))))," - ")) -> - | N227: =24*MOD((C227-B227),1) -> 1.1333333 | O227: =G227/N227 -> 28.235294 | P227: =O227*(10/36) -> 7.8431373 | Q227: 38.779904
A228: 227 | B228: 0.97777778 | C228: 0.013194444 | D228: 510 | E228: =IF(COUNTIF($D$2:D228,D228)=1,"D0",'Bus 53 and 46'!C233) -> D2 | F228: =IF(COUNTIF(D228:$D$233,D228)=1, "D0", IF('Bus 53 and 46'!C233 = "D2", "D1","D2")) -> D0 | G228: 16.8 | H228: =0.01005*(P228)^2-0.3113*P228+3.484 -> 2.0778316 | I228: {=_xlfn.TEXTJOIN(", ", TRUE, _xlfn._xlws.FILTER('Events only'!$C$2:$C$411, ((Trips!B228 <= 'Events only'!$A$2:$A$411) * (Trips!C228 > 'Events only'!$A$2:$A$411)) + ((Trips!B228 > Trips!C228) * ((Trips!B228 <= 'Events only'!$A$2:$A$411) + ('Events only'!$A$2:$A$411 < Trips!C228))), "No Match"))} -> 390, 391, 392, 393, 394, 395, 396, 397, 398, 399 | J228: =IF(E228="D0",LEFT(I228,FIND(",",I228)-1),IF(F228="D0",RIGHT(I228,LEN(I228)-FIND("#",SUBSTITUTE(I228,",","#",LEN(I228)-LEN(SUBSTITUTE(I228,",",""))))),"- ")) -> 399 | K228: =IF(F228="D0",RIGHT(I228,LEN(I228)-FIND("#",SUBSTITUTE(I228,",","#",LEN(I228)-LEN(SUBSTITUTE(I228,",",""))))),"- ") -> 399 | L228: =IF(E228="D1",LEFT(I228,FIND(",",I228)-1),IF(F228="D1",RIGHT(I228,LEN(I228)-FIND("#",SUBSTITUTE(I228,",","#",LEN(I228)-LEN(SUBSTITUTE(I228,",","")))))," - ")) -> - | M228: =IF(E228="D2",LEFT(I228,FIND(",",I228)-1),IF(F228="D2",RIGHT(I228,LEN(I228)-FIND("#",SUBSTITUTE(I228,",","#",LEN(I228)-LEN(SUBSTITUTE(I228,",","")))))," - ")) -> 390 | N228: =24*MOD((C228-B228),1) -> 0.85 | O228: =G228/N228 -> 19.764706 | P228: =O228*(10/36) -> 5.4901961 | Q228: 23.300107
A229: 228 | B229: 0.9875 | C229: 0.034722222 | D229: 505 | E229: =IF(COUNTIF($D$2:D229,D229)=1,"D0",'Bus 53 and 46'!C234) -> D1 | F229: =IF(COUNTIF(D229:$D$233,D229)=1, "D0", IF('Bus 53 and 46'!C234 = "D2", "D1","D2")) -> D0 | G229: 32 | H229: =0.01005*(P229)^2-0.3113*P229+3.484 -> 1.6606551 | I229: {=_xlfn.TEXTJOIN(", ", TRUE, _xlfn._xlws.FILTER('Events only'!$C$2:$C$411, ((Trips!B229 <= 'Events only'!$A$2:$A$411) * (Trips!C229 > 'Events only'!$A$2:$A$411)) + ((Trips!B229 > Trips!C229) * ((Trips!B229 <= 'Events only'!$A$2:$A$411) + ('Events only'!$A$2:$A$411 < Trips!C229))), "No Match"))} -> 393, 394, 395, 396, 397, 398, 399, 400, 401, 402, 403 | J229: =IF(E229="D0",LEFT(I229,FIND(",",I229)-1),IF(F229="D0",RIGHT(I229,LEN(I229)-FIND("#",SUBSTITUTE(I229,",","#",LEN(I229)-LEN(SUBSTITUTE(I229,",",""))))),"- ")) -> 403 | K229: =IF(F229="D0",RIGHT(I229,LEN(I229)-FIND("#",SUBSTITUTE(I229,",","#",LEN(I229)-LEN(SUBSTITUTE(I229,",",""))))),"- ") -> 403 | L229: =IF(E229="D1",LEFT(I229,FIND(",",I229)-1),IF(F229="D1",RIGHT(I229,LEN(I229)-FIND("#",SUBSTITUTE(I229,",","#",LEN(I229)-LEN(SUBSTITUTE(I229,",","")))))," - ")) -> 393 | M229: =IF(E229="D2",LEFT(I229,FIND(",",I229)-1),IF(F229="D2",RIGHT(I229,LEN(I229)-FIND("#",SUBSTITUTE(I229,",","#",LEN(I229)-LEN(SUBSTITUTE(I229,",","")))))," - ")) -> - | N229: =24*MOD((C229-B229),1) -> 1.1333333 | O229: =G229/N229 -> 28.235294 | P229: =O229*(10/36) -> 7.8431373 | Q229: 38.779904
A230: 229 | B230: 0.98819444 | C230: 0.023611111 | D230: 504 | E230: =IF(COUNTIF($D$2:D230,D230)=1,"D0",'Bus 53 and 46'!C235) -> D2 | F230: =IF(COUNTIF(D230:$D$233,D230)=1, "D0", IF('Bus 53 and 46'!C235 = "D2", "D1","D2")) -> D0 | G230: 16.8 | H230: =0.01005*(P230)^2-0.3113*P230+3.484 -> 2.0778316 | I230: {=_xlfn.TEXTJOIN(", ", TRUE, _xlfn._xlws.FILTER('Events only'!$C$2:$C$411, ((Trips!B230 <= 'Events only'!$A$2:$A$411) * (Trips!C230 > 'Events only'!$A$2:$A$411)) + ((Trips!B230 > Trips!C230) * ((Trips!B230 <= 'Events only'!$A$2:$A$411) + ('Events only'!$A$2:$A$411 < Trips!C230))), "No Match"))} -> 394, 395, 396, 397, 398, 399, 400 | J230: =IF(E230="D0",LEFT(I230,FIND(",",I230)-1),IF(F230="D0",RIGHT(I230,LEN(I230)-FIND("#",SUBSTITUTE(I230,",","#",LEN(I230)-LEN(SUBSTITUTE(I230,",",""))))),"- ")) -> 400 | K230: =IF(F230="D0",RIGHT(I230,LEN(I230)-FIND("#",SUBSTITUTE(I230,",","#",LEN(I230)-LEN(SUBSTITUTE(I230,",",""))))),"- ") -> 400 | L230: =IF(E230="D1",LEFT(I230,FIND(",",I230)-1),IF(F230="D1",RIGHT(I230,LEN(I230)-FIND("#",SUBSTITUTE(I230,",","#",LEN(I230)-LEN(SUBSTITUTE(I230,",","")))))," - ")) -> - | M230: =IF(E230="D2",LEFT(I230,FIND(",",I230)-1),IF(F230="D2",RIGHT(I230,LEN(I230)-FIND("#",SUBSTITUTE(I230,",","#",LEN(I230)-LEN(SUBSTITUTE(I230,",","")))))," - ")) -> 394 | N230: =24*MOD((C230-B230),1) -> 0.85 | O230: =G230/N230 -> 19.764706 | P230: =O230*(10/36) -> 5.4901961 | Q230: 23.300107
A231: 230 | B231: 0.99791667 | C231: 0.045138889 | D231: 525 | E231: =IF(COUNTIF($D$2:D231,D231)=1,"D0",'Bus 53 and 46'!C236) -> D1 | F231: =IF(COUNTIF(D231:$D$233,D231)=1, "D0", IF('Bus 53 and 46'!C236 = "D2", "D1","D2")) -> D0 | G231: 32 | H231: =0.01005*(P231)^2-0.3113*P231+3.484 -> 1.6606551 | I231: {=_xlfn.TEXTJOIN(", ", TRUE, _xlfn._xlws.FILTER('Events only'!$C$2:$C$411, ((Trips!B231 <= 'Events only'!$A$2:$A$411) * (Trips!C231 > 'Events only'!$A$2:$A$411)) + ((Trips!B231 > Trips!C231) * ((Trips!B231 <= 'Events only'!$A$2:$A$411) + ('Events only'!$A$2:$A$411 < Trips!C231))), "No Match"))} -> 396, 397, 398, 399, 400, 401, 402, 403, 404, 405 | J231: =IF(E231="D0",LEFT(I231,FIND(",",I231)-1),IF(F231="D0",RIGHT(I231,LEN(I231)-FIND("#",SUBSTITUTE(I231,",","#",LEN(I231)-LEN(SUBSTITUTE(I231,",",""))))),"- ")) -> 405 | K231: =IF(F231="D0",RIGHT(I231,LEN(I231)-FIND("#",SUBSTITUTE(I231,",","#",LEN(I231)-LEN(SUBSTITUTE(I231,",",""))))),"- ") -> 405 | L231: =IF(E231="D1",LEFT(I231,FIND(",",I231)-1),IF(F231="D1",RIGHT(I231,LEN(I231)-FIND("#",SUBSTITUTE(I231,",","#",LEN(I231)-LEN(SUBSTITUTE(I231,",","")))))," - ")) -> 396 | M231: =IF(E231="D2",LEFT(I231,FIND(",",I231)-1),IF(F231="D2",RIGHT(I231,LEN(I231)-FIND("#",SUBSTITUTE(I231,",","#",LEN(I231)-LEN(SUBSTITUTE(I231,",","")))))," - ")) -> - | N231: =24*MOD((C231-B231),1) -> 1.1333333 | O231: =G231/N231 -> 28.235294 | P231: =O231*(10/36) -> 7.8431373 | Q231: 38.779904
A232: 231 | B232: 0.99861111 | C232: 0.034027778 | D232: 528 | E232: =IF(COUNTIF($D$2:D232,D232)=1,"D0",'Bus 53 and 46'!C237) -> D2 | F232: =IF(COUNTIF(D232:$D$233,D232)=1, "D0", IF('Bus 53 and 46'!C237 = "D2", "D1","D2")) -> D0 | G232: 16.8 | H232: =0.01005*(P232)^2-0.3113*P232+3.484 -> 2.0778316 | I232: {=_xlfn.TEXTJOIN(", ", TRUE, _xlfn._xlws.FILTER('Events only'!$C$2:$C$411, ((Trips!B232 <= 'Events only'!$A$2:$A$411) * (Trips!C232 > 'Events only'!$A$2:$A$411)) + ((Trips!B232 > Trips!C232) * ((Trips!B232 <= 'Events only'!$A$2:$A$411) + ('Events only'!$A$2:$A$411 < Trips!C232))), "No Match"))} -> 397, 398, 399, 400, 401, 402 | J232: =IF(E232="D0",LEFT(I232,FIND(",",I232)-1),IF(F232="D0",RIGHT(I232,LEN(I232)-FIND("#",SUBSTITUTE(I232,",","#",LEN(I232)-LEN(SUBSTITUTE(I232,",",""))))),"- ")) -> 402 | K232: =IF(F232="D0",RIGHT(I232,LEN(I232)-FIND("#",SUBSTITUTE(I232,",","#",LEN(I232)-LEN(SUBSTITUTE(I232,",",""))))),"- ") -> 402 | L232: =IF(E232="D1",LEFT(I232,FIND(",",I232)-1),IF(F232="D1",RIGHT(I232,LEN(I232)-FIND("#",SUBSTITUTE(I232,",","#",LEN(I232)-LEN(SUBSTITUTE(I232,",","")))))," - ")) -> - | M232: =IF(E232="D2",LEFT(I232,FIND(",",I232)-1),IF(F232="D2",RIGHT(I232,LEN(I232)-FIND("#",SUBSTITUTE(I232,",","#",LEN(I232)-LEN(SUBSTITUTE(I232,",","")))))," - ")) -> 397 | N232: =24*MOD((C232-B232),1) -> 0.85 | O232: =G232/N232 -> 19.764706 | P232: =O232*(10/36) -> 5.4901961 | Q232: 23.300107
A233: 232 | B233: 0.0090277778 | C233: 0.044444444 | D233: 503 | E233: =IF(COUNTIF($D$2:D233,D233)=1,"D0",'Bus 53 and 46'!C238) -> D2 | F233: =IF(COUNTIF(D233:$D$233,D233)=1, "D0", IF('Bus 53 and 46'!C238 = "D2", "D1","D2")) -> D0 | G233: 16.8 | H233: =0.01005*(P233)^2-0.3113*P233+3.484 -> 2.0778316 | I233: {=_xlfn.TEXTJOIN(", ", TRUE, _xlfn._xlws.FILTER('Events only'!$C$2:$C$411, ((Trips!B233 <= 'Events only'!$A$2:$A$411) * (Trips!C233 > 'Events only'!$A$2:$A$411)) + ((Trips!B233 > Trips!C233) * ((Trips!B233 <= 'Events only'!$A$2:$A$411) + ('Events only'!$A$2:$A$411 < Trips!C233))), "No Match"))} -> 399, 400, 401, 402, 403, 404 | J233: =IF(E233="D0",LEFT(I233,FIND(",",I233)-1),IF(F233="D0",RIGHT(I233,LEN(I233)-FIND("#",SUBSTITUTE(I233,",","#",LEN(I233)-LEN(SUBSTITUTE(I233,",",""))))),"- ")) -> 404 | K233: =IF(F233="D0",RIGHT(I233,LEN(I233)-FIND("#",SUBSTITUTE(I233,",","#",LEN(I233)-LEN(SUBSTITUTE(I233,",",""))))),"- ") -> 404 | L233: =IF(E233="D1",LEFT(I233,FIND(",",I233)-1),IF(F233="D1",RIGHT(I233,LEN(I233)-FIND("#",SUBSTITUTE(I233,",","#",LEN(I233)-LEN(SUBSTITUTE(I233,",","")))))," - ")) -> - | M233: =IF(E233="D2",LEFT(I233,FIND(",",I233)-1),IF(F233="D2",RIGHT(I233,LEN(I233)-FIND("#",SUBSTITUTE(I233,",","#",LEN(I233)-LEN(SUBSTITUTE(I233,",","")))))," - ")) -> 399 | N233: =24*MOD((C233-B233),1) -> 0.85 | O233: =G233/N233 -> 19.764706 | P233: =O233*(10/36) -> 5.4901961 | Q233: 23.300107

Sheet Events only
A1: Time | B1: Time-fractional | C1: Event Index | D1: Duration of event | E1: Fractional-duration of event | F1: Event ? | G1: V_{e} | H1: Bus dep/arr at depot 0 (1) | I1: Bus dep/arr at terminal 1(2) | J1: Bus dep/arr at terminal 2(3) | K1: Change in electricity price | L1: Change in solar radiation | M1: Electricity Purchasing Price during event (€/kWh) | N1: Electricity Selling Price during event (€/kWh) | O1: Solar radiation during event (W/m^2) | P1: Electricity generated through solar panels during event? | Q1: Electricity generated with solar energy at D0 during event e (kWh)
A2: 0.19861111 | B2: =A2 -> 0.19861111 | C2: 1 | D2: =(A3-A2) -> 0.0097222222 | E2: =D2 -> 0.0097222222 | F2: 1 | G2: {=_xlfn.XMATCH(TRUE, _xlfn.SCAN(0, 'Events only'!D2:$D$411, _xlfn.LAMBDA(_xlpm.acc,_xlpm.x, IF(_xlpm.acc >= TIME(0,5,0), _xlpm.acc, _xlpm.acc + _xlpm.x))) >= TIME(0,5,0))} -> 1 | H2: =COUNTIF(Trips!$J$2:$J$233,'Events only'!C2) -> 1 | I2: =IF(COUNTIF(Trips!$L$2:$L$233,'Events only'!C2)>=1,1,0) -> 0 | J2: =IF(COUNTIF(Trips!$M$2:$M$233,'Events only'!C2)>=1, 1, 0) -> 0 | K2: 0 | L2: 0 | M2: 0.078396301 | N2: 0.058797226 | O2: 0.26153425 | P2: 1 | Q2: =O2*Brussels!$C$50*'Events only'!D2*24/1000 -> 0.11451887
A3: 0.20833333 | B3: =A3 -> 0.20833333 | C3: 2 | D3: =(A4-A3) -> 0.0041666667 | E3: =D3 -> 0.0041666667 | F3: 1 | G3: {=_xlfn.XMATCH(TRUE, _xlfn.SCAN(0, 'Events only'!D3:$D$411, _xlfn.LAMBDA(_xlpm.acc,_xlpm.x, IF(_xlpm.acc >= TIME(0,5,0), _xlpm.acc, _xlpm.acc + _xlpm.x))) >= TIME(0,5,0))} -> 1 | H3: =COUNTIF(Trips!$J$2:$J$233,'Events only'!C3) -> 0 | I3: =IF(COUNTIF(Trips!$L$2:$L$233,'Events only'!C3)>=1,1,0) -> 0 | J3: =IF(COUNTIF(Trips!$M$2:$M$233,'Events only'!C3)>=1, 1, 0) -> 0 | K3: 1 | L3: 1 | M3: 0.08907874 | N3: 0.066809055 | O3: 10.205808 | P3: 1 | Q3: =O3*Brussels!$C$50*'Events only'!D3*24/1000 -> 1.915222
A4: 0.2125 | B4: =A4 -> 0.2125 | C4: 3 | D4: =(A5-A4) -> 0.0013888889 | E4: =D4 -> 0.0013888889 | F4: 1 | G4: {=_xlfn.XMATCH(TRUE, _xlfn.SCAN(0, 'Events only'!D4:$D$411, _xlfn.LAMBDA(_xlpm.acc,_xlpm.x, IF(_xlpm.acc >= TIME(0,5,0), _xlpm.acc, _xlpm.acc + _xlpm.x))) >= TIME(0,5,0))} -> 2 | H4: =COUNTIF(Trips!$J$2:$J$233,'Events only'!C4) -> 1 | I4: =IF(COUNTIF(Trips!$L$2:$L$233,'Events only'!C4)>=1,1,0) -> 0 | J4: =IF(COUNTIF(Trips!$M$2:$M$233,'Events only'!C4)>=1, 1, 0) -> 0 | K4: 0 | L4: 0 | M4: 0.08907874 | N4: 0.066809055 | O4: 10.205808 | P4: 1 | Q4: =O4*Brussels!$C$50*'Events only'!D4*24/1000 -> 0.63840732
A5: 0.21388889 | B5: =A5 -> 0.21388889 | C5: 4 | D5: =(A6-A5) -> 0.0069444444 | E5: =D5 -> 0.0069444444 | F5: 1 | G5: {=_xlfn.XMATCH(TRUE, _xlfn.SCAN(0, 'Events only'!D5:$D$411, _xlfn.LAMBDA(_xlpm.acc,_xlpm.x, IF(_xlpm.acc >= TIME(0,5,0), _xlpm.acc, _xlpm.acc + _xlpm.x))) >= TIME(0,5,0))} -> 1 | H5: =COUNTIF(Trips!$J$2:$J$233,'Events only'!C5) -> 1 | I5: =IF(COUNTIF(Trips!$L$2:$L$233,'Events only'!C5)>=1,1,0) -> 0 | J5: =IF(COUNTIF(Trips!$M$2:$M$233,'Events only'!C5)>=1, 1, 0) -> 0 | K5: 0 | L5: 0 | M5: 0.08907874 | N5: 0.066809055 | O5: 10.205808 | P5: 1 | Q5: =O5*Brussels!$C$50*'Events only'!D5*24/1000 -> 3.1920366
A6: 0.22083333 | B6: =A6 -> 0.22083333 | C6: 5 | D6: =(A7-A6) -> 0.0041666667 | E6: =D6 -> 0.0041666667 | F6: 1 | G6: {=_xlfn.XMATCH(TRUE, _xlfn.SCAN(0, 'Events only'!D6:$D$411, _xlfn.LAMBDA(_xlpm.acc,_xlpm.x, IF(_xlpm.acc >= TIME(0,5,0), _xlpm.acc, _xlpm.acc + _xlpm.x))) >= TIME(0,5,0))} -> 1 | H6: =COUNTIF(Trips!$J$2:$J$233,'Events only'!C6) -> 1 | I6: =IF(COUNTIF(Trips!$L$2:$L$233,'Events only'!C6)>=1,1,0) -> 0 | J6: =IF(COUNTIF(Trips!$M$2:$M$233,'Events only'!C6)>=1, 1, 0) -> 0 | K6: 0 | L6: 0 | M6: 0.08907874 | N6: 0.066809055 | O6: 10.205808 | P6: 1 | Q6: =O6*Brussels!$C$50*'Events only'!D6*24/1000 -> 1.915222
A7: 0.225 | B7: =A7 -> 0.225 | C7: 6 | D7: =(A8-A7) -> 0.0027777778 | E7: =D7 -> 0.0027777778 | F7: 1 | G7: {=_xlfn.XMATCH(TRUE, _xlfn.SCAN(0, 'Events only'!D7:$D$411, _xlfn.LAMBDA(_xlpm.acc,_xlpm.x, IF(_xlpm.acc >= TIME(0,5,0), _xlpm.acc, _xlpm.acc + _xlpm.x))) >= TIME(0,5,0))} -> 2 | H7: =COUNTIF(Trips!$J$2:$J$233,'Events only'!C7) -> 1 | I7: =IF(COUNTIF(Trips!$L$2:$L$233,'Events only'!C7)>=1,1,0) -> 0 | J7: =IF(COUNTIF(Trips!$M$2:$M$233,'Events only'!C7)>=1, 1, 0) -> 0 | K7: 0 | L7: 0 | M7: 0.08907874 | N7: 0.066809055 | O7: 10.205808 | P7: 1 | Q7: =O7*Brussels!$C$50*'Events only'!D7*24/1000 -> 1.2768146
A8: 0.22777778 | B8: =A8 -> 0.22777778 | C8: 7 | D8: =(A9-A8) -> 0.00625 | E8: =D8 -> 0.00625 | F8: 1 | G8: {=_xlfn.XMATCH(TRUE, _xlfn.SCAN(0, 'Events only'!D8:$D$411, _xlfn.LAMBDA(_xlpm.acc,_xlpm.x, IF(_xlpm.acc >= TIME(0,5,0), _xlpm.acc, _xlpm.acc + _xlpm.x))) >= TIME(0,5,0))} -> 1 | H8: =COUNTIF(Trips!$J$2:$J$233,'Events only'!C8) -> 1 | I8: =IF(COUNTIF(Trips!$L$2:$L$233,'Events only'!C8)>=1,1,0) -> 0 | J8: =IF(COUNTIF(Trips!$M$2:$M$233,'Events only'!C8)>=1, 1, 0) -> 0 | K8: 0 | L8: 0 | M8: 0.08907874 | N8: 0.066809055 | O8: 10.205808 | P8: 1 | Q8: =O8*Brussels!$C$50*'Events only'!D8*24/1000 -> 2.872833
A9: 0.23402778 | B9: =A9 -> 0.23402778 | C9: 8 | D9: =(A10-A9) -> 0.0013888889 | E9: =D9 -> 0.0013888889 | F9: 1 | G9: {=_xlfn.XMATCH(TRUE, _xlfn.SCAN(0, 'Events only'!D9:$D$411, _xlfn.LAMBDA(_xlpm.acc,_xlpm.x, IF(_xlpm.acc >= TIME(0,5,0), _xlpm.acc, _xlpm.acc + _xlpm.x))) >= TIME(0,5,0))} -> 2 | H9: =COUNTIF(Trips!$J$2:$J$233,'Events only'!C9) -> 1 | I9: =IF(COUNTIF(Trips!$L$2:$L$233,'Events only'!C9)>=1,1,0) -> 0 | J9: =IF(COUNTIF(Trips!$M$2:$M$233,'Events only'!C9)>=1, 1, 0) -> 0 | K9: 0 | L9: 0 | M9: 0.08907874 | N9: 0.066809055 | O9: 10.205808 | P9: 1 | Q9: =O9*Brussels!$C$50*'Events only'!D9*24/1000 -> 0.63840732
A10: 0.23541667 | B10: =A10 -> 0.23541667 | C10: 9 | D10: =(A11-A10) -> 0.0027777778 | E10: =D10 -> 0.0027777778 | F10: 1 | G10: {=_xlfn.XMATCH(TRUE, _xlfn.SCAN(0, 'Events only'!D10:$D$411, _xlfn.LAMBDA(_xlpm.acc,_xlpm.x, IF(_xlpm.acc >= TIME(0,5,0), _xlpm.acc, _xlpm.acc + _xlpm.x))) >= TIME(0,5,0))} -> 2 | H10: =COUNTIF(Trips!$J$2:$J$233,'Events only'!C10) -> 1 | I10: =IF(COUNTIF(Trips!$L$2:$L$233,'Events only'!C10)>=1,1,0) -> 0 | J10: =IF(COUNTIF(Trips!$M$2:$M$233,'Events only'!C10)>=1, 1, 0) -> 0 | K10: 0 | L10: 0 | M10: 0.08907874 | N10: 0.066809055 | O10: 10.205808 | P10: 1 | Q10: =O10*Brussels!$C$50*'Events only'!D10*24/1000 -> 1.2768146
A11: 0.23819444 | B11: =A11 -> 0.23819444 | C11: 10 | D11: =(A12-A11) -> 0.0041666667 | E11: =D11 -> 0.0041666667 | F11: 1 | G11: {=_xlfn.XMATCH(TRUE, _xlfn.SCAN(0, 'Events only'!D11:$D$411, _xlfn.LAMBDA(_xlpm.acc,_xlpm.x, IF(_xlpm.acc >= TIME(0,5,0), _xlpm.acc, _xlpm.acc + _xlpm.x))) >= TIME(0,5,0))} -> 1 | H11: =COUNTIF(Trips!$J$2:$J$233,'Events only'!C11) -> 1 | I11: =IF(COUNTIF(Trips!$L$2:$L$233,'Events only'!C11)>=1,1,0) -> 0 | J11: =IF(COUNTIF(Trips!$M$2:$M$233,'Events only'!C11)>=1, 1, 0) -> 0 | K11: 0 | L11: 0 | M11: 0.08907874 | N11: 0.066809055 | O11: 10.205808 | P11: 1 | Q11: =O11*Brussels!$C$50*'Events only'!D11*24/1000 -> 1.915222
A12: 0.24236111 | B12: =A12 -> 0.24236111 | C12: 11 | D12: =(A13-A12) -> 0.00069444444 | E12: =D12 -> 0.00069444444 | F12: 1 | G12: {=_xlfn.XMATCH(TRUE, _xlfn.SCAN(0, 'Events only'!D12:$D$411, _xlfn.LAMBDA(_xlpm.acc,_xlpm.x, IF(_xlpm.acc >= TIME(0,5,0), _xlpm.acc, _xlpm.acc + _xlpm.x))) >= TIME(0,5,0))} -> 2 | H12: =COUNTIF(Trips!$J$2:$J$233,'Events only'!C12) -> 1 | I12: =IF(COUNTIF(Trips!$L$2:$L$233,'Events only'!C12)>=1,1,0) -> 1 | J12: =IF(COUNTIF(Trips!$M$2:$M$233,'Events only'!C12)>=1, 1, 0) -> 0 | K12: 0 | L12: 0 | M12: 0.08907874 | N12: 0.066809055 | O12: 10.205808 | P12: 1 | Q12: =O12*Brussels!$C$50*'Events only'!D12*24/1000 -> 0.31920366
A13: 0.24305556 | B13: =A13 -> 0.24305556 | C13: 12 | D13: =(A14-A13) -> 0.0069444444 | E13: =D13 -> 0.0069444444 | F13: 1 | G13: {=_xlfn.XMATCH(TRUE, _xlfn.SCAN(0, 'Events only'!D13:$D$411, _xlfn.LAMBDA(_xlpm.acc,_xlpm.x, IF(_xlpm.acc >= TIME(0,5,0), _xlpm.acc, _xlpm.acc + _xlpm.x))) >= TIME(0,5,0))} -> 1 | H13: =COUNTIF(Trips!$J$2:$J$233,'Events only'!C13) -> 0 | I13: =IF(COUNTIF(Trips!$L$2:$L$233,'Events only'!C13)>=1,1,0) -> 0 | J13: =IF(COUNTIF(Trips!$M$2:$M$233,'Events only'!C13)>=1, 1, 0) -> 0 | K13: 0 | L13: 0 | M13: 0.08907874 | N13: 0.066809055 | O13: 10.205808 | P13: 1 | Q13: =O13*Brussels!$C$50*'Events only'!D13*24/1000 -> 3.1920366
... A77: 0.36319444 | B77: =A77 -> 0.36319444 | C77: 76 | D77: =(A78-A77) -> 0.00069444444 | E77: =D77 -> 0.00069444444 | F77: 1 | G77: {=_xlfn.XMATCH(TRUE, _xlfn.SCAN(0, 'Events only'!D77:$D$411, _xlfn.LAMBDA(_xlpm.acc,_xlpm.x, IF(_xlpm.acc >= TIME(0,5,0), _xlpm.acc, _xlpm.acc + _xlpm.x))) >= TIME(0,5,0))} -> 4 | H77: =COUNTIF(Trips!$J$2:$J$233,'Events only'!C77) -> 1 | I77: =IF(COUNTIF(Trips!$L$2:$L$233,'Events only'!C77)>=1,1,0) -> 0 | J77: =IF(COUNTIF(Trips!$M$2:$M$233,'Events only'!C77)>=1, 1, 0) -> 0 | K77: 0 | L77: 0 | M77: 0.11166222 | N77: 0.083746664 | O77: 173.29101 | P77: 1 | Q77: =O77*Brussels!$C$50*'Events only'!D77*24/1000 -> 5.4199653
A78: 0.36388889 | B78: =A78 -> 0.36388889 | C78: 77 | D78: =(A79-A78) -> 0.00069444444 | E78: =D78 -> 0.00069444444 | F78: 1 | G78: {=_xlfn.XMATCH(TRUE, _xlfn.SCAN(0, 'Events only'!D78:$D$411, _xlfn.LAMBDA(_xlpm.acc,_xlpm.x, IF(_xlpm.acc >= TIME(0,5,0), _xlpm.acc, _xlpm.acc + _xlpm.x))) >= TIME(0,5,0))} -> 3 | H78: =COUNTIF(Trips!$J$2:$J$233,'Events only'!C78) -> 0 | I78: =IF(COUNTIF(Trips!$L$2:$L$233,'Events only'!C78)>=1,1,0) -> 0 | J78: =IF(COUNTIF(Trips!$M$2:$M$233,'Events only'!C78)>=1, 1, 0) -> 0 | K78: 0 | M78: 0.11166222 | N78: 0.083746664 | O78: 173.29101 | P78: 1 | Q78: =O78*Brussels!$C$50*'Events only'!D78*24/1000 -> 5.4199653
A79: 0.36458333 | B79: =A79 -> 0.36458333 | C79: 78 | D79: =(A80-A79) -> 0.0013888889 | E79: =D79 -> 0.0013888889 | F79: 1 | G79: {=_xlfn.XMATCH(TRUE, _xlfn.SCAN(0, 'Events only'!D79:$D$411, _xlfn.LAMBDA(_xlpm.acc,_xlpm.x, IF(_xlpm.acc >= TIME(0,5,0), _xlpm.acc, _xlpm.acc + _xlpm.x))) >= TIME(0,5,0))} -> 2 | H79: =COUNTIF(Trips!$J$2:$J$233,'Events only'!C79) -> 0 | I79: =IF(COUNTIF(Trips!$L$2:$L$233,'Events only'!C79)>=1,1,0) -> 0 | J79: =IF(COUNTIF(Trips!$M$2:$M$233,'Events only'!C79)>=1, 1, 0) -> 1 | K79: 0 | L79: 0 | M79: 0.11166222 | N79: 0.083746664 | O79: 173.29101 | P79: 1 | Q79: =O79*Brussels!$C$50*'Events only'!D79*24/1000 -> 10.839931
A80: 0.36597222 | B80: =A80 -> 0.36597222 | C80: 79 | D80: =(A81-A80) -> 0.0020833333 | E80: =D80 -> 0.0020833333 | F80: 1 | G80: {=_xlfn.XMATCH(TRUE, _xlfn.SCAN(0, 'Events only'!D80:$D$411, _xlfn.LAMBDA(_xlpm.acc,_xlpm.x, IF(_xlpm.acc >= TIME(0,5,0), _xlpm.acc, _xlpm.acc + _xlpm.x))) >= TIME(0,5,0))} -> 2 | H80: =COUNTIF(Trips!$J$2:$J$233,'Events only'!C80) -> 0 | I80: =IF(COUNTIF(Trips!$L$2:$L$233,'Events only'!C80)>=1,1,0) -> 1 | J80: =IF(COUNTIF(Trips!$M$2:$M$233,'Events only'!C80)>=1, 1, 0) -> 0 | K80: 0 | L80: 0 | M80: 0.11166222 | N80: 0.083746664 | O80: 173.29101 | P80: 1 | Q80: =O80*Brussels!$C$50*'Events only'!D80*24/1000 -> 16.259896
A81: 0.36805556 | B81: =A81 -> 0.36805556 | C81: 80 | D81: =(A82-A81) -> 0.0027777778 | E81: =D81 -> 0.0027777778 | F81: 1 | G81: {=_xlfn.XMATCH(TRUE, _xlfn.SCAN(0, 'Events only'!D81:$D$411, _xlfn.LAMBDA(_xlpm.acc,_xlpm.x, IF(_xlpm.acc >= TIME(0,5,0), _xlpm.acc, _xlpm.acc + _xlpm.x))) >= TIME(0,5,0))} -> 3 | H81: =COUNTIF(Trips!$J$2:$J$233,'Events only'!C81) -> 0 | I81: =IF(COUNTIF(Trips!$L$2:$L$233,'Events only'!C81)>=1,1,0) -> 1 | J81: =IF(COUNTIF(Trips!$M$2:$M$233,'Events only'!C81)>=1, 1, 0) -> 0 | K81: 0 | L81: 0 | M81: 0.11166222 | N81: 0.083746664 | O81: 173.29101 | P81: 1 | Q81: =O81*Brussels!$C$50*'Events only'!D81*24/1000 -> 21.679861
A82: 0.37083333 | B82: =A82 -> 0.37083333 | C82: 81 | D82: =(A83-A82) -> 0.00069444444 | E82: =D82 -> 0.00069444444 | F82: 1 | G82: {=_xlfn.XMATCH(TRUE, _xlfn.SCAN(0, 'Events only'!D82:$D$411, _xlfn.LAMBDA(_xlpm.acc,_xlpm.x, IF(_xlpm.acc >= TIME(0,5,0), _xlpm.acc, _xlpm.acc + _xlpm.x))) >= TIME(0,5,0))} -> 3 | H82: =COUNTIF(Trips!$J$2:$J$233,'Events only'!C82) -> 0 | I82: =IF(COUNTIF(Trips!$L$2:$L$233,'Events only'!C82)>=1,1,0) -> 0 | J82: =IF(COUNTIF(Trips!$M$2:$M$233,'Events only'!C82)>=1, 1, 0) -> 1 | K82: 0 | L82: 0 | M82: 0.11166222 | N82: 0.083746664 | O82: 173.29101 | P82: 1 | Q82: =O82*Brussels!$C$50*'Events only'!D82*24/1000 -> 5.4199653
A83: 0.37152778 | B83: =A83 -> 0.37152778 | C83: 82 | D83: =(A84-A83) -> 0.0013888889 | E83: =D83 -> 0.0013888889 | F83: 1 | G83: {=_xlfn.XMATCH(TRUE, _xlfn.SCAN(0, 'Events only'!D83:$D$411, _xlfn.LAMBDA(_xlpm.acc,_xlpm.x, IF(_xlpm.acc >= TIME(0,5,0), _xlpm.acc, _xlpm.acc + _xlpm.x))) >= TIME(0,5,0))} -> 3 | H83: =COUNTIF(Trips!$J$2:$J$233,'Events only'!C83) -> 0 | I83: =IF(COUNTIF(Trips!$L$2:$L$233,'Events only'!C83)>=1,1,0) -> 1 | J83: =IF(COUNTIF(Trips!$M$2:$M$233,'Events only'!C83)>=1, 1, 0) -> 0 | K83: 0 | L83: 0 | M83: 0.11166222 | N83: 0.083746664 | O83: 173.29101 | P83: 1 | Q83: =O83*Brussels!$C$50*'Events only'!D83*24/1000 -> 10.839931
A84: 0.37291667 | B84: =A84 -> 0.37291667 | C84: 83 | D84: =(A85-A84) -> 0.0020833333 | E84: =D84 -> 0.0020833333 | F84: 1 | G84: {=_xlfn.XMATCH(TRUE, _xlfn.SCAN(0, 'Events only'!D84:$D$411, _xlfn.LAMBDA(_xlpm.acc,_xlpm.x, IF(_xlpm.acc >= TIME(0,5,0), _xlpm.acc, _xlpm.acc + _xlpm.x))) >= TIME(0,5,0))} -> 4 | H84: =COUNTIF(Trips!$J$2:$J$233,'Events only'!C84) -> 0 | I84: =IF(COUNTIF(Trips!$L$2:$L$233,'Events only'!C84)>=1,1,0) -> 0 | J84: =IF(COUNTIF(Trips!$M$2:$M$233,'Events only'!C84)>=1, 1, 0) -> 0 | K84: 0 | L84: 0 | M84: 0.11166222 | N84: 0.083746664 | O84: 173.29101 | P84: 1 | Q84: =O84*Brussels!$C$50*'Events only'!D84*24/1000 -> 16.259896
A85: 0.375 | B85: =A85 -> 0.375 | C85: 84 | D85: =(A86-A85) -> 0.00069444444 | E85: =D85 -> 0.00069444444 | F85: 1 | G85: {=_xlfn.XMATCH(TRUE, _xlfn.SCAN(0, 'Events only'!D85:$D$411, _xlfn.LAMBDA(_xlpm.acc,_xlpm.x, IF(_xlpm.acc >= TIME(0,5,0), _xlpm.acc, _xlpm.acc + _xlpm.x))) >= TIME(0,5,0))} -> 4 | H85: =COUNTIF(Trips!$J$2:$J$233,'Events only'!C85) -> 0 | I85: =IF(COUNTIF(Trips!$L$2:$L$233,'Events only'!C85)>=1,1,0) -> 0 | J85: =IF(COUNTIF(Trips!$M$2:$M$233,'Events only'!C85)>=1, 1, 0) -> 0 | K85: 1 | L85: 1 | M85: 0.10147455 | N85: 0.076105911 | O85: 226.68416 | P85: 1 | Q85: =O85*Brussels!$C$50*'Events only'!D85*24/1000 -> 7.089925
A86: 0.37569444 | B86: =A86 -> 0.37569444 | C86: 85 | D86: =(A87-A86) -> 0.00069444444 | E86: =D86 -> 0.00069444444 | F86: 1 | G86: {=_xlfn.XMATCH(TRUE, _xlfn.SCAN(0, 'Events only'!D86:$D$411, _xlfn.LAMBDA(_xlpm.acc,_xlpm.x, IF(_xlpm.acc >= TIME(0,5,0), _xlpm.acc, _xlpm.acc + _xlpm.x))) >= TIME(0,5,0))} -> 3 | H86: =COUNTIF(Trips!$J$2:$J$233,'Events only'!C86) -> 0 | I86: =IF(COUNTIF(Trips!$L$2:$L$233,'Events only'!C86)>=1,1,0) -> 1 | J86: =IF(COUNTIF(Trips!$M$2:$M$233,'Events only'!C86)>=1, 1, 0) -> 1 | K86: 0 | L86: 0 | M86: 0.10147455 | N86: 0.076105911 | O86: 226.68416 | P86: 1 | Q86: =O86*Brussels!$C$50*'Events only'!D86*24/1000 -> 7.089925
A87: 0.37638889 | B87: =A87 -> 0.37638889 | C87: 86 | D87: =(A88-A87) -> 0.00069444444 | E87: =D87 -> 0.00069444444 | F87: 1 | G87: {=_xlfn.XMATCH(TRUE, _xlfn.SCAN(0, 'Events only'!D87:$D$411, _xlfn.LAMBDA(_xlpm.acc,_xlpm.x, IF(_xlpm.acc >= TIME(0,5,0), _xlpm.acc, _xlpm.acc + _xlpm.x))) >= TIME(0,5,0))} -> 2 | H87: =COUNTIF(Trips!$J$2:$J$233,'Events only'!C87) -> 0 | I87: =IF(COUNTIF(Trips!$L$2:$L$233,'Events only'!C87)>=1,1,0) -> 0 | J87: =IF(COUNTIF(Trips!$M$2:$M$233,'Events only'!C87)>=1, 1, 0) -> 0 | K87: 0 | L87: 0 | M87: 0.10147455 | N87: 0.076105911 | O87: 226.68416 | P87: 1 | Q87: =O87*Brussels!$C$50*'Events only'!D87*24/1000 -> 7.089925
A88: 0.37708333 | B88: =A88 -> 0.37708333 | C88: 87 | D88: =(A89-A88) -> 0.0041666667 | E88: =D88 -> 0.0041666667 | F88: 1 | G88: {=_xlfn.XMATCH(TRUE, _xlfn.SCAN(0, 'Events only'!D88:$D$411, _xlfn.LAMBDA(_xlpm.acc,_xlpm.x, IF(_xlpm.acc >= TIME(0,5,0), _xlpm.acc, _xlpm.acc + _xlpm.x))) >= TIME(0,5,0))} -> 1 | H88: =COUNTIF(Trips!$J$2:$J$233,'Events only'!C88) -> 0 | I88: =IF(COUNTIF(Trips!$L$2:$L$233,'Events only'!C88)>=1,1,0) -> 0 | J88: =IF(COUNTIF(Trips!$M$2:$M$233,'Events only'!C88)>=1, 1, 0) -> 1 | K88: 0 | L88: 0 | M88: 0.10147455 | N88: 0.076105911 | O88: 226.68416 | P88: 1 | Q88: =O88*Brussels!$C$50*'Events only'!D88*24/1000 -> 42.53955
A89: 0.38125 | B89: =A89 -> 0.38125 | C89: 88 | D89: =(A90-A89) -> 0.00069444444 | E89: =D89 -> 0.00069444444 | F89: 1 | G89: {=_xlfn.XMATCH(TRUE, _xlfn.SCAN(0, 'Events only'!D89:$D$411, _xlfn.LAMBDA(_xlpm.acc,_xlpm.x, IF(_xlpm.acc >= TIME(0,5,0), _xlpm.acc, _xlpm.acc + _xlpm.x))) >= TIME(0,5,0))} -> 3 | H89: =COUNTIF(Trips!$J$2:$J$233,'Events only'!C89) -> 0 | I89: =IF(COUNTIF(Trips!$L$2:$L$233,'Events only'!C89)>=1,1,0) -> 1 | J89: =IF(COUNTIF(Trips!$M$2:$M$233,'Events only'!C89)>=1, 1, 0) -> 0 | K89: 0 | L89: 0 | M89: 0.10147455 | N89: 0.076105911 | O89: 226.68416 | P89: 1 | Q89: =O89*Brussels!$C$50*'Events only'!D89*24/1000 -> 7.089925
A90: 0.38194444 | B90: =A90 -> 0.38194444 | C90: 89 | D90: =(A91-A90) -> 0.0020833333 | E90: =D90 -> 0.0020833333 | F90: 1 | G90: {=_xlfn.XMATCH(TRUE, _xlfn.SCAN(0, 'Events only'!D90:$D$411, _xlfn.LAMBDA(_xlpm.acc,_xlpm.x, IF(_xlpm.acc >= TIME(0,5,0), _xlpm.acc, _xlpm.acc + _xlpm.x))) >= TIME(0,5,0))} -> 2 | H90: =COUNTIF(Trips!$J$2:$J$233,'Events only'!C90) -> 0 | I90: =IF(COUNTIF(Trips!$L$2:$L$233,'Events only'!C90)>=1,1,0) -> 1 | J90: =IF(COUNTIF(Trips!$M$2:$M$233,'Events only'!C90)>=1, 1, 0) -> 1 | K90: 0 | L90: 0 | M90: 0.10147455 | N90: 0.076105911 | O90: 226.68416 | P90: 1 | Q90: =O90*Brussels!$C$50*'Events only'!D90*24/1000 -> 21.269775
A91: 0.38402778 | B91: =A91 -> 0.38402778 | C91: 90 | D91: =(A92-A91) -> 0.0013888889 | E91: =D91 -> 0.0013888889 | F91: 1 | G91: {=_xlfn.XMATCH(TRUE, _xlfn.SCAN(0, 'Events only'!D91:$D$411, _xlfn.LAMBDA(_xlpm.acc,_xlpm.x, IF(_xlpm.acc >= TIME(0,5,0), _xlpm.acc, _xlpm.acc + _xlpm.x))) >= TIME(0,5,0))} -> 5 | H91: =COUNTIF(Trips!$J$2:$J$233,'Events only'!C91) -> 1 | I91: =IF(COUNTIF(Trips!$L$2:$L$233,'Events only'!C91)>=1,1,0) -> 0 | J91: =IF(COUNTIF(Trips!$M$2:$M$233,'Events only'!C91)>=1, 1, 0) -> 0 | K91: 0 | L91: 0 | M91: 0.10147455 | N91: 0.076105911 | O91: 226.68416 | P91: 1 | Q91: =O91*Brussels!$C$50*'Events only'!D91*24/1000 -> 14.17985
A92: 0.38541667 | B92: =A92 -> 0.38541667 | C92: 91 | D92: =(A93-A92) -> 0.00069444444 | E92: =D92 -> 0.00069444444 | F92: 1 | G92: {=_xlfn.XMATCH(TRUE, _xlfn.SCAN(0, 'Events only'!D92:$D$411, _xlfn.LAMBDA(_xlpm.acc,_xlpm.x, IF(_xlpm.acc >= TIME(0,5,0), _xlpm.acc, _xlpm.acc + _xlpm.x))) >= TIME(0,5,0))} -> 5 | H92: =COUNTIF(Trips!$J$2:$J$233,'Events only'!C92) -> 0 | I92: =IF(COUNTIF(Trips!$L$2:$L$233,'Events only'!C92)>=1,1,0) -> 0 | J92: =IF(COUNTIF(Trips!$M$2:$M$233,'Events only'!C92)>=1, 1, 0) -> 1 | K92: 0 | M92: 0.10147455 | N92: 0.076105911 | O92: 226.68416 | P92: 1 | Q92: =O92*Brussels!$C$50*'Events only'!D92*24/1000 -> 7.089925
A93: 0.38611111 | B93: =A93 -> 0.38611111 | C93: 92 | D93: =(A94-A93) -> 0.00069444444 | E93: =D93 -> 0.00069444444 | F93: 1 | G93: {=_xlfn.XMATCH(TRUE, _xlfn.SCAN(0, 'Events only'!D93:$D$411, _xlfn.LAMBDA(_xlpm.acc,_xlpm.x, IF(_xlpm.acc >= TIME(0,5,0), _xlpm.acc, _xlpm.acc + _xlpm.x))) >= TIME(0,5,0))} -> 4 | H93: =COUNTIF(Trips!$J$2:$J$233,'Events only'!C93) -> 0 | I93: =IF(COUNTIF(Trips!$L$2:$L$233,'Events only'!C93)>=1,1,0) -> 0 | J93: =IF(COUNTIF(Trips!$M$2:$M$233,'Events only'!C93)>=1, 1, 0) -> 0 | K93: 0 | L93: 0 | M93: 0.10147455 | N93: 0.076105911 | O93: 226.68416 | P93: 1 | Q93: =O93*Brussels!$C$50*'Events only'!D93*24/1000 -> 7.089925
A94: 0.38680556 | B94: =A94 -> 0.38680556 | C94: 93 | D94: =(A95-A94) -> 0.00069444444 | E94: =D94 -> 0.00069444444 | F94: 1 | G94: {=_xlfn.XMATCH(TRUE, _xlfn.SCAN(0, 'Events only'!D94:$D$411, _xlfn.LAMBDA(_xlpm.acc,_xlpm.x, IF(_xlpm.acc >= TIME(0,5,0), _xlpm.acc, _xlpm.acc + _xlpm.x))) >= TIME(0,5,0))} -> 3 | H94: =COUNTIF(Trips!$J$2:$J$233,'Events only'!C94) -> 0 | I94: =IF(COUNTIF(Trips!$L$2:$L$233,'Events only'!C94)>=1,1,0) -> 0 | J94: =IF(COUNTIF(Trips!$M$2:$M$233,'Events only'!C94)>=1, 1, 0) -> 1 | K94: 0 | L94: 0 | M94: 0.10147455 | N94: 0.076105911 | O94: 226.68416 | P94: 1 | Q94: =O94*Brussels!$C$50*'Events only'!D94*24/1000 -> 7.089925
A95: 0.3875 | B95: =A95 -> 0.3875 | C95: 94 | D95: =(A96-A95) -> 0.0013888889 | E95: =D95 -> 0.0013888889 | F95: 1 | G95: {=_xlfn.XMATCH(TRUE, _xlfn.SCAN(0, 'Events only'!D95:$D$411, _xlfn.LAMBDA(_xlpm.acc,_xlpm.x, IF(_xlpm.acc >= TIME(0,5,0), _xlpm.acc, _xlpm.acc + _xlpm.x))) >= TIME(0,5,0))} -> 2 | H95: =COUNTIF(Trips!$J$2:$J$233,'Events only'!C95) -> 0 | I95: =IF(COUNTIF(Trips!$L$2:$L$233,'Events only'!C95)>=1,1,0) -> 1 | J95: =IF(COUNTIF(Trips!$M$2:$M$233,'Events only'!C95)>=1, 1, 0) -> 0 | K95: 0 | L95: 0 | M95: 0.10147455 | N95: 0.076105911 | O95: 226.68416 | P95: 1 | Q95: =O95*Brussels!$C$50*'Events only'!D95*24/1000 -> 14.17985
A96: 0.38888889 | B96: =A96 -> 0.38888889 | C96: 95 | D96: =(A97-A96) -> 0.0027777778 | E96: =D96 -> 0.0027777778 | F96: 1 | G96: {=_xlfn.XMATCH(TRUE, _xlfn.SCAN(0, 'Events only'!D96:$D$411, _xlfn.LAMBDA(_xlpm.acc,_xlpm.x, IF(_xlpm.acc >= TIME(0,5,0), _xlpm.acc, _xlpm.acc + _xlpm.x))) >= TIME(0,5,0))} -> 3 | H96: =COUNTIF(Trips!$J$2:$J$233,'Events only'!C96) -> 0 | I96: =IF(COUNTIF(Trips!$L$2:$L$233,'Events only'!C96)>=1,1,0) -> 0 | J96: =IF(COUNTIF(Trips!$M$2:$M$233,'Events only'!C96)>=1, 1, 0) -> 1 | K96: 0 | L96: 0 | M96: 0.10147455 | N96: 0.076105911 | O96: 226.68416 | P96: 1 | Q96: =O96*Brussels!$C$50*'Events only'!D96*24/1000 -> 28.3597
A97: 0.39166667 | B97: =A97 -> 0.39166667 | C97: 96 | D97: =(A98-A97) -> 0.00069444444 | E97: =D97 -> 0.00069444444 | F97: 1 | G97: {=_xlfn.XMATCH(TRUE, _xlfn.SCAN(0, 'Events only'!D97:$D$411, _xlfn.LAMBDA(_xlpm.acc,_xlpm.x, IF(_xlpm.acc >= TIME(0,5,0), _xlpm.acc, _xlpm.acc + _xlpm.x))) >= TIME(0,5,0))} -> 2 | H97: =COUNTIF(Trips!$J$2:$J$233,'Events only'!C97) -> 0 | I97: =IF(COUNTIF(Trips!$L$2:$L$233,'Events only'!C97)>=1,1,0) -> 0 | J97: =IF(COUNTIF(Trips!$M$2:$M$233,'Events only'!C97)>=1, 1, 0) -> 0 | K97: 0 | L97: 0 | M97: 0.10147455 | N97: 0.076105911 | O97: 226.68416 | P97: 1 | Q97: =O97*Brussels!$C$50*'Events only'!D97*24/1000 -> 7.089925
A98: 0.39236111 | B98: =A98 -> 0.39236111 | C98: 97 | D98: =(A99-A98) -> 0.0034722222 | E98: =D98 -> 0.0034722222 | F98: 1 | G98: {=_xlfn.XMATCH(TRUE, _xlfn.SCAN(0, 'Events only'!D98:$D$411, _xlfn.LAMBDA(_xlpm.acc,_xlpm.x, IF(_xlpm.acc >= TIME(0,5,0), _xlpm.acc, _xlpm.acc + _xlpm.x))) >= TIME(0,5,0))} -> 2 | H98: =COUNTIF(Trips!$J$2:$J$233,'Events only'!C98) -> 0 | I98: =IF(COUNTIF(Trips!$L$2:$L$233,'Events only'!C98)>=1,1,0) -> 0 | J98: =IF(COUNTIF(Trips!$M$2:$M$233,'Events only'!C98)>=1, 1, 0) -> 1 | K98: 0 | L98: 0 | M98: 0.10147455 | N98: 0.076105911 | O98: 226.68416 | P98: 1 | Q98: =O98*Brussels!$C$50*'Events only'!D98*24/1000 -> 35.449625
A99: 0.39583333 | B99: =A99 -> 0.39583333 | C99: 98 | D99: =(A100-A99) -> 0.0013888889 | E99: =D99 -> 0.0013888889 | F99: 1 | G99: {=_xlfn.XMATCH(TRUE, _xlfn.SCAN(0, 'Events only'!D99:$D$411, _xlfn.LAMBDA(_xlpm.acc,_xlpm.x, IF(_xlpm.acc >= TIME(0,5,0), _xlpm.acc, _xlpm.acc + _xlpm.x))) >= TIME(0,5,0))} -> 2 | H99: =COUNTIF(Trips!$J$2:$J$233,'Events only'!C99) -> 0 | I99: =IF(COUNTIF(Trips!$L$2:$L$233,'Events only'!C99)>=1,1,0) -> 1 | J99: =IF(COUNTIF(Trips!$M$2:$M$233,'Events only'!C99)>=1, 1, 0) -> 1 | K99: 0 | L99: 0 | M99: 0.10147455 | N99: 0.076105911 | O99: 226.68416 | P99: 1 | Q99: =O99*Brussels!$C$50*'Events only'!D99*24/1000 -> 14.17985
A100: 0.39722222 | B100: =A100 -> 0.39722222 | C100: 99 | D100: =(A101-A100) -> 0.0027777778 | E100: =D100 -> 0.0027777778 | F100: 1 | G100: {=_xlfn.XMATCH(TRUE, _xlfn.SCAN(0, 'Events only'!D100:$D$411, _xlfn.LAMBDA(_xlpm.acc,_xlpm.x, IF(_xlpm.acc >= TIME(0,5,0), _xlpm.acc, _xlpm.acc + _xlpm.x))) >= TIME(0,5,0))} -> 2 | H100: =COUNTIF(Trips!$J$2:$J$233,'Events only'!C100) -> 0 | I100: =IF(COUNTIF(Trips!$L$2:$L$233,'Events only'!C100)>=1,1,0) -> 1 | J100: =IF(COUNTIF(Trips!$M$2:$M$233,'Events only'!C100)>=1, 1, 0) -> 1 | K100: 0 | L100: 0 | M100: 0.10147455 | N100: 0.076105911 | O100: 226.68416 | P100: 1 | Q100: =O100*Brussels!$C$50*'Events only'!D100*24/1000 -> 28.3597
A101: 0.4 | B101: =A101 -> 0.4 | C101: 100 | D101: =(A102-A101) -> 0.0013888889 | E101: =D101 -> 0.0013888889 | F101: 1 | G101: {=_xlfn.XMATCH(TRUE, _xlfn.SCAN(0, 'Events only'!D101:$D$411, _xlfn.LAMBDA(_xlpm.acc,_xlpm.x, IF(_xlpm.acc >= TIME(0,5,0), _xlpm.acc, _xlpm.acc + _xlpm.x))) >= TIME(0,5,0))} -> 4 | H101: =COUNTIF(Trips!$J$2:$J$233,'Events only'!C101) -> 1 | I101: =IF(COUNTIF(Trips!$L$2:$L$233,'Events only'!C101)>=1,1,0) -> 0 | J101: =IF(COUNTIF(Trips!$M$2:$M$233,'Events only'!C101)>=1, 1, 0) -> 0 | K101: 0 | L101: 0 | M101: 0.10147455 | N101: 0.076105911 | O101: 226.68416 | P101: 1 | Q101: =O101*Brussels!$C$50*'Events only'!D101*24/1000 -> 14.17985
A102: 0.40138889 | B102: =A102 -> 0.40138889 | C102: 101 | D102: =(A103-A102) -> 0.00069444444 | E102: =D102 -> 0.00069444444 | F102: 1 | G102: {=_xlfn.XMATCH(TRUE, _xlfn.SCAN(0, 'Events only'!D102:$D$411, _xlfn.LAMBDA(_xlpm.acc,_xlpm.x, IF(_xlpm.acc >= TIME(0,5,0), _xlpm.acc, _xlpm.acc + _xlpm.x))) >= TIME(0,5,0))} -> 4 | H102: =COUNTIF(Trips!$J$2:$J$233,'Events only'!C102) -> 0 | I102: =IF(COUNTIF(Trips!$L$2:$L$233,'Events only'!C102)>=1,1,0) -> 0 | J102: =IF(COUNTIF(Trips!$M$2:$M$233,'Events only'!C102)>=1, 1, 0) -> 0 | K102: 0 | M102: 0.10147455 | N102: 0.076105911 | O102: 226.68416 | P102: 1 | Q102: =O102*Brussels!$C$50*'Events only'!D102*24/1000 -> 7.089925
A103: 0.40208333 | B103: =A103 -> 0.40208333 | C103: 102 | D103: =(A104-A103) -> 0.00069444444 | E103: =D103 -> 0.00069444444 | F103: 1 | G103: {=_xlfn.XMATCH(TRUE, _xlfn.SCAN(0, 'Events only'!D103:$D$411, _xlfn.LAMBDA(_xlpm.acc,_xlpm.x, IF(_xlpm.acc >= TIME(0,5,0), _xlpm.acc, _xlpm.acc + _xlpm.x))) >= TIME(0,5,0))} -> 3 | H103: =COUNTIF(Trips!$J$2:$J$233,'Events only'!C103) -> 0 | I103: =IF(COUNTIF(Trips!$L$2:$L$233,'Events only'!C103)>=1,1,0) -> 0 | J103: =IF(COUNTIF(Trips!$M$2:$M$233,'Events only'!C103)>=1, 1, 0) -> 1 | K103: 0 | L103: 0 | M103: 0.10147455 | N103: 0.076105911 | O103: 226.68416 | P103: 1 | Q103: =O103*Brussels!$C$50*'Events only'!D103*24/1000 -> 7.089925
A104: 0.40277778 | B104: =A104 -> 0.40277778 | C104: 103 | D104: =(A105-A104) -> 0.0013888889 | E104: =D104 -> 0.0013888889 | F104: 1 | G104: {=_xlfn.XMATCH(TRUE, _xlfn.SCAN(0, 'Events only'!D104:$D$411, _xlfn.LAMBDA(_xlpm.acc,_xlpm.x, IF(_xlpm.acc >= TIME(0,5,0), _xlpm.acc, _xlpm.acc + _xlpm.x))) >= TIME(0,5,0))} -> 2 | H104: =COUNTIF(Trips!$J$2:$J$233,'Events only'!C104) -> 0 | I104: =IF(COUNTIF(Trips!$L$2:$L$233,'Events only'!C104)>=1,1,0) -> 0 | J104: =IF(COUNTIF(Trips!$M$2:$M$233,'Events only'!C104)>=1, 1, 0) -> 0 | K104: 0 | L104: 0 | M104: 0.10147455 | N104: 0.076105911 | O104: 226.68416 | P104: 1 | Q104: =O104*Brussels!$C$50*'Events only'!D104*24/1000 -> 14.17985
A105: 0.40416667 | B105: =A105 -> 0.40416667 | C105: 104 | D105: =(A106-A105) -> 0.0027777778 | E105: =D105 -> 0.0027777778 | F105: 1 | G105: {=_xlfn.XMATCH(TRUE, _xlfn.SCAN(0, 'Events only'!D105:$D$411, _xlfn.LAMBDA(_xlpm.acc,_xlpm.x, IF(_xlpm.acc >= TIME(0,5,0), _xlpm.acc, _xlpm.acc + _xlpm.x))) >= TIME(0,5,0))} -> 3 | H105: =COUNTIF(Trips!$J$2:$J$233,'Events only'!C105) -> 0 | I105: =IF(COUNTIF(Trips!$L$2:$L$233,'Events only'!C105)>=1,1,0) -> 1 | J105: =IF(COUNTIF(Trips!$M$2:$M$233,'Events only'!C105)>=1, 1, 0) -> 0 | K105: 0 | L105: 0 | M105: 0.10147455 | N105: 0.076105911 | O105: 226.68416 | P105: 1 | Q105: =O105*Brussels!$C$50*'Events only'!D105*24/1000 -> 28.3597
A106: 0.40694444 | B106: =A106 -> 0.40694444 | C106: 105 | D106: =(A107-A106) -> 0.00069444444 | E106: =D106 -> 0.00069444444 | F106: 1 | G106: {=_xlfn.XMATCH(TRUE, _xlfn.SCAN(0, 'Events only'!D106:$D$411, _xlfn.LAMBDA(_xlpm.acc,_xlpm.x, IF(_xlpm.acc >= TIME(0,5,0), _xlpm.acc, _xlpm.acc + _xlpm.x))) >= TIME(0,5,0))} -> 3 | H106: =COUNTIF(Trips!$J$2:$J$233,'Events only'!C106) -> 0 | I106: =IF(COUNTIF(Trips!$L$2:$L$233,'Events only'!C106)>=1,1,0) -> 0 | J106: =IF(COUNTIF(Trips!$M$2:$M$233,'Events only'!C106)>=1, 1, 0) -> 1 | K106: 0 | L106: 0 | M106: 0.10147455 | N106: 0.076105911 | O106: 226.68416 | P106: 1 | Q106: =O106*Brussels!$C$50*'Events only'!D106*24/1000 -> 7.089925
A107: 0.40763889 | B107: =A107 -> 0.40763889 | C107: 106 | D107: =(A108-A107) -> 0.0013888889 | E107: =D107 -> 0.0013888889 | F107: 1 | G107: {=_xlfn.XMATCH(TRUE, _xlfn.SCAN(0, 'Events only'!D107:$D$411, _xlfn.LAMBDA(_xlpm.acc,_xlpm.x, IF(_xlpm.acc >= TIME(0,5,0), _xlpm.acc, _xlpm.acc + _xlpm.x))) >= TIME(0,5,0))} -> 3 | H107: =COUNTIF(Trips!$J$2:$J$233,'Events only'!C107) -> 0 | I107: =IF(COUNTIF(Trips!$L$2:$L$233,'Events only'!C107)>=1,1,0) -> 1 | J107: =IF(COUNTIF(Trips!$M$2:$M$233,'Events only'!C107)>=1, 1, 0) -> 0 | K107: 0 | L107: 0 | M107: 0.10147455 | N107: 0.076105911 | O107: 226.68416 | P107: 1 | Q107: =O107*Brussels!$C$50*'Events only'!D107*24/1000 -> 14.17985
A108: 0.40902778 | B108: =A108 -> 0.40902778 | C108: 107 | D108: =(A109-A108) -> 0.0020833333 | E108: =D108 -> 0.0020833333 | F108: 1 | G108: {=_xlfn.XMATCH(TRUE, _xlfn.SCAN(0, 'Events only'!D108:$D$411, _xlfn.LAMBDA(_xlpm.acc,_xlpm.x, IF(_xlpm.acc >= TIME(0,5,0), _xlpm.acc, _xlpm.acc + _xlpm.x))) >= TIME(0,5,0))} -> 3 | H108: =COUNTIF(Trips!$J$2:$J$233,'Events only'!C108) -> 1 | I108: =IF(COUNTIF(Trips!$L$2:$L$233,'Events only'!C108)>=1,1,0) -> 0 | J108: =IF(COUNTIF(Trips!$M$2:$M$233,'Events only'!C108)>=1, 1, 0) -> 0 | K108: 0 | L108: 0 | M108: 0.10147455 | N108: 0.076105911 | O108: 226.68416 | P108: 1 | Q108: =O108*Brussels!$C$50*'Events only'!D108*24/1000 -> 21.269775
A109: 0.41111111 | B109: =A109 -> 0.41111111 | C109: 108 | D109: =(A110-A109) -> 0.0013888889 | E109: =D109 -> 0.0013888889 | F109: 1 | G109: {=_xlfn.XMATCH(TRUE, _xlfn.SCAN(0, 'Events only'!D109:$D$411, _xlfn.LAMBDA(_xlpm.acc,_xlpm.x, IF(_xlpm.acc >= TIME(0,5,0), _xlpm.acc, _xlpm.acc + _xlpm.x))) >= TIME(0,5,0))} -> 3 | H109: =COUNTIF(Trips!$J$2:$J$233,'Events only'!C109) -> 0 | I109: =IF(COUNTIF(Trips!$L$2:$L$233,'Events only'!C109)>=1,1,0) -> 0 | J109: =IF(COUNTIF(Trips!$M$2:$M$233,'Events only'!C109)>=1, 1, 0) -> 0 | K109: 0 | M109: 0.10147455 | N109: 0.076105911 | O109: 226.68416 | P109: 1 | Q109: =O109*Brussels!$C$50*'Events only'!D109*24/1000 -> 14.17985
A110: 0.4125 | B110: =A110 -> 0.4125 | C110: 109 | D110: =(A111-A110) -> 0.00069444444 | E110: =D110 -> 0.00069444444 | F110: 1 | G110: {=_xlfn.XMATCH(TRUE, _xlfn.SCAN(0, 'Events only'!D110:$D$411, _xlfn.LAMBDA(_xlpm.acc,_xlpm.x, IF(_xlpm.acc >= TIME(0,5,0), _xlpm.acc, _xlpm.acc + _xlpm.x))) >= TIME(0,5,0))} -> 2 | H110: =COUNTIF(Trips!$J$2:$J$233,'Events only'!C110) -> 0 | I110: =IF(COUNTIF(Trips!$L$2:$L$233,'Events only'!C110)>=1,1,0) -> 1 | J110: =IF(COUNTIF(Trips!$M$2:$M$233,'Events only'!C110)>=1, 1, 0) -> 1 | K110: 0 | L110: 0 | M110: 0.10147455 | N110: 0.076105911 | O110: 226.68416 | P110: 1 | Q110: =O110*Brussels!$C$50*'Events only'!D110*24/1000 -> 7.089925
A111: 0.41319444 | B111: =A111 -> 0.41319444 | C111: 110 | D111: =(A112-A111) -> 0.0034722222 | E111: =D111 -> 0.0034722222 | F111: 1 | G111: {=_xlfn.XMATCH(TRUE, _xlfn.SCAN(0, 'Events only'!D111:$D$411, _xlfn.LAMBDA(_xlpm.acc,_xlpm.x, IF(_xlpm.acc >= TIME(0,5,0), _xlpm.acc, _xlpm.acc + _xlpm.x))) >= TIME(0,5,0))} -> 2 | H111: =COUNTIF(Trips!$J$2:$J$233,'Events only'!C111) -> 0 | I111: =IF(COUNTIF(Trips!$L$2:$L$233,'Events only'!C111)>=1,1,0) -> 0 | J111: =IF(COUNTIF(Trips!$M$2:$M$233,'Events only'!C111)>=1, 1, 0) -> 0 | K111: 0 | L111: 0 | M111: 0.10147455 | N111: 0.076105911 | O111: 226.68416 | P111: 1 | Q111: =O111*Brussels!$C$50*'Events only'!D111*24/1000 -> 35.449625
A112: 0.41666667 | B112: =A112 -> 0.41666667 | C112: 111 | D112: =(A113-A112) -> 0.0020833333 | E112: =D112 -> 0.0020833333 | F112: 1 | G112: {=_xlfn.XMATCH(TRUE, _xlfn.SCAN(0, 'Events only'!D112:$D$411, _xlfn.LAMBDA(_xlpm.acc,_xlpm.x, IF(_xlpm.acc >= TIME(0,5,0), _xlpm.acc, _xlpm.acc + _xlpm.x))) >= TIME(0,5,0))} -> 2 | H112: =COUNTIF(Trips!$J$2:$J$233,'Events only'!C112) -> 0 | I112: =IF(COUNTIF(Trips!$L$2:$L$233,'Events only'!C112)>=1,1,0) -> 1 | J112: =IF(COUNTIF(Trips!$M$2:$M$233,'Events only'!C112)>=1, 1, 0) -> 1 | K112: 1 | L112: 1 | M112: 0.091941288 | N112: 0.068955966 | O112: 267.26121 | P112: 1 | Q112: =O112*Brussels!$C$50*'Events only'!D112*24/1000 -> 25.077119
A113: 0.41875 | B113: =A113 -> 0.41875 | C113: 112 | D113: =(A114-A113) -> 0.0020833333 | E113: =D113 -> 0.0020833333 | F113: 1 | G113: {=_xlfn.XMATCH(TRUE, _xlfn.SCAN(0, 'Events only'!D113:$D$411, _xlfn.LAMBDA(_xlpm.acc,_xlpm.x, IF(_xlpm.acc >= TIME(0,5,0), _xlpm.acc, _xlpm.acc + _xlpm.x))) >= TIME(0,5,0))} -> 3 | H113: =COUNTIF(Trips!$J$2:$J$233,'Events only'!C113) -> 1 | I113: =IF(COUNTIF(Trips!$L$2:$L$233,'Events only'!C113)>=1,1,0) -> 0 | J113: =IF(COUNTIF(Trips!$M$2:$M$233,'Events only'!C113)>=1, 1, 0) -> 1 | K113: 0 | L113: 0 | M113: 0.091941288 | N113: 0.068955966 | O113: 267.26121 | P113: 1 | Q113: =O113*Brussels!$C$50*'Events only'!D113*24/1000 -> 25.077119
A114: 0.42083333 | B114: =A114 -> 0.42083333 | C114: 113 | D114: =(A115-A114) -> 0.0013888889 | E114: =D114 -> 0.0013888889 | F114: 1 | G114: {=_xlfn.XMATCH(TRUE, _xlfn.SCAN(0, 'Events only'!D114:$D$411, _xlfn.LAMBDA(_xlpm.acc,_xlpm.x, IF(_xlpm.acc >= TIME(0,5,0), _xlpm.acc, _xlpm.acc + _xlpm.x))) >= TIME(0,5,0))} -> 2 | H114: =COUNTIF(Trips!$J$2:$J$233,'Events only'!C114) -> 0 | I114: =IF(COUNTIF(Trips!$L$2:$L$233,'Events only'!C114)>=1,1,0) -> 1 | J114: =IF(COUNTIF(Trips!$M$2:$M$233,'Events only'!C114)>=1, 1, 0) -> 0 | K114: 0 | L114: 0 | M114: 0.091941288 | N114: 0.068955966 | O114: 267.26121 | P114: 1 | Q114: =O114*Brussels!$C$50*'Events only'!D114*24/1000 -> 16.718079
A115: 0.42222222 | B115: =A115 -> 0.42222222 | C115: 114 | D115: =(A116-A115) -> 0.0076388889 | E115: =D115 -> 0.0076388889 | F115: 1 | G115: {=_xlfn.XMATCH(TRUE, _xlfn.SCAN(0, 'Events only'!D115:$D$411, _xlfn.LAMBDA(_xlpm.acc,_xlpm.x, IF(_xlpm.acc >= TIME(0,5,0), _xlpm.acc, _xlpm.acc + _xlpm.x))) >= TIME(0,5,0))} -> 1 | H115: =COUNTIF(Trips!$J$2:$J$233,'Events only'!C115) -> 0 | I115: =IF(COUNTIF(Trips!$L$2:$L$233,'Events only'!C115)>=1,1,0) -> 1 | J115: =IF(COUNTIF(Trips!$M$2:$M$233,'Events only'!C115)>=1, 1, 0) -> 1 | K115: 0 | L115: 0 | M115: 0.091941288 | N115: 0.068955966 | O115: 267.26121 | P115: 1 | Q115: =O115*Brussels!$C$50*'Events only'!D115*24/1000 -> 91.949436
A116: 0.42986111 | B116: =A116 -> 0.42986111 | C116: 115 | D116: =(A117-A116) -> 0.0020833333 | E116: =D116 -> 0.0020833333 | F116: 1 | G116: {=_xlfn.XMATCH(TRUE, _xlfn.SCAN(0, 'Events only'!D116:$D$411, _xlfn.LAMBDA(_xlpm.acc,_xlpm.x, IF(_xlpm.acc >= TIME(0,5,0), _xlpm.acc, _xlpm.acc + _xlpm.x))) >= TIME(0,5,0))} -> 3 | H116: =COUNTIF(Trips!$J$2:$J$233,'Events only'!C116) -> 0 | I116: =IF(COUNTIF(Trips!$L$2:$L$233,'Events only'!C116)>=1,1,0) -> 1 | J116: =IF(COUNTIF(Trips!$M$2:$M$233,'Events only'!C116)>=1, 1, 0) -> 1 | K116: 0 | L116: 0 | M116: 0.091941288 | N116: 0.068955966 | O116: 267.26121 | P116: 1 | Q116: =O116*Brussels!$C$50*'Events only'!D116*24/1000 -> 25.077119
A117: 0.43194444 | B117: =A117 -> 0.43194444 | C117: 116 | D117: =(A118-A117) -> 0.00069444444 | E117: =D117 -> 0.00069444444 | F117: 1 | G117: {=_xlfn.XMATCH(TRUE, _xlfn.SCAN(0, 'Events only'!D117:$D$411, _xlfn.LAMBDA(_xlpm.acc,_xlpm.x, IF(_xlpm.acc >= TIME(0,5,0), _xlpm.acc, _xlpm.acc + _xlpm.x))) >= TIME(0,5,0))} -> 3 | H117: =COUNTIF(Trips!$J$2:$J$233,'Events only'!C117) -> 0 | I117: =IF(COUNTIF(Trips!$L$2:$L$233,'Events only'!C117)>=1,1,0) -> 0 | J117: =IF(COUNTIF(Trips!$M$2:$M$233,'Events only'!C117)>=1, 1, 0) -> 1 | K117: 0 | L117: 0 | M117: 0.091941288 | N117: 0.068955966 | O117: 267.26121 | P117: 1 | Q117: =O117*Brussels!$C$50*'Events only'!D117*24/1000 -> 8.3590396
A118: 0.43263889 | B118: =A118 -> 0.43263889 | C118: 117 | D118: =(A119-A118) -> 0.0020833333 | E118: =D118 -> 0.0020833333 | F118: 1 | G118: {=_xlfn.XMATCH(TRUE, _xlfn.SCAN(0, 'Events only'!D118:$D$411, _xlfn.LAMBDA(_xlpm.acc,_xlpm.x, IF(_xlpm.acc >= TIME(0,5,0), _xlpm.acc, _xlpm.acc + _xlpm.x))) >= TIME(0,5,0))} -> 2 | H118: =COUNTIF(Trips!$J$2:$J$233,'Events only'!C118) -> 1 | I118: =IF(COUNTIF(Trips!$L$2:$L$233,'Events only'!C118)>=1,1,0) -> 0 | J118: =IF(COUNTIF(Trips!$M$2:$M$233,'Events only'!C118)>=1, 1, 0) -> 0 | K118: 0 | L118: 0 | M118: 0.091941288 | N118: 0.068955966 | O118: 267.26121 | P118: 1 | Q118: =O118*Brussels!$C$50*'Events only'!D118*24/1000 -> 25.077119
A119: 0.43472222 | B119: =A119 -> 0.43472222 | C119: 118 | D119: =(A120-A119) -> 0.0027777778 | E119: =D119 -> 0.0027777778 | F119: 1 | G119: {=_xlfn.XMATCH(TRUE, _xlfn.SCAN(0, 'Events only'!D119:$D$411, _xlfn.LAMBDA(_xlpm.acc,_xlpm.x, IF(_xlpm.acc >= TIME(0,5,0), _xlpm.acc, _xlpm.acc + _xlpm.x))) >= TIME(0,5,0))} -> 3 | H119: =COUNTIF(Trips!$J$2:$J$233,'Events only'!C119) -> 0 | I119: =IF(COUNTIF(Trips!$L$2:$L$233,'Events only'!C119)>=1,1,0) -> 0 | J119: =IF(COUNTIF(Trips!$M$2:$M$233,'Events only'!C119)>=1, 1, 0) -> 0 | K119: 0 | M119: 0.091941288 | N119: 0.068955966 | O119: 267.26121 | P119: 1 | Q119: =O119*Brussels!$C$50*'Events only'!D119*24/1000 -> 33.436159
A120: 0.4375 | B120: =A120 -> 0.4375 | C120: 119 | D120: =(A121-A120) -> 0.00069444444 | E120: =D120 -> 0.00069444444 | F120: 1 | G120: {=_xlfn.XMATCH(TRUE, _xlfn.SCAN(0, 'Events only'!D120:$D$411, _xlfn.LAMBDA(_xlpm.acc,_xlpm.x, IF(_xlpm.acc >= TIME(0,5,0), _xlpm.acc, _xlpm.acc + _xlpm.x))) >= TIME(0,5,0))} -> 3 | H120: =COUNTIF(Trips!$J$2:$J$233,'Events only'!C120) -> 0 | I120: =IF(COUNTIF(Trips!$L$2:$L$233,'Events only'!C120)>=1,1,0) -> 1 | J120: =IF(COUNTIF(Trips!$M$2:$M$233,'Events only'!C120)>=1, 1, 0) -> 0 | K120: 0 | L120: 0 | M120: 0.091941288 | N120: 0.068955966 | O120: 267.26121 | P120: 1 | Q120: =O120*Brussels!$C$50*'Events only'!D120*24/1000 -> 8.3590396
A121: 0.43819444 | B121: =A121 -> 0.43819444 | C121: 120 | D121: =(A122-A121) -> 0.0027777778 | E121: =D121 -> 0.0027777778 | F121: 1 | G121: {=_xlfn.XMATCH(TRUE, _xlfn.SCAN(0, 'Events only'!D121:$D$411, _xlfn.LAMBDA(_xlpm.acc,_xlpm.x, IF(_xlpm.acc >= TIME(0,5,0), _xlpm.acc, _xlpm.acc + _xlpm.x))) >= TIME(0,5,0))} -> 3 | H121: =COUNTIF(Trips!$J$2:$J$233,'Events only'!C121) -> 0 | I121: =IF(COUNTIF(Trips!$L$2:$L$233,'Events only'!C121)>=1,1,0) -> 0 | J121: =IF(COUNTIF(Trips!$M$2:$M$233,'Events only'!C121)>=1, 1, 0) -> 1 | K121: 0 | L121: 0 | M121: 0.091941288 | N121: 0.068955966 | O121: 267.26121 | P121: 1 | Q121: =O121*Brussels!$C$50*'Events only'!D121*24/1000 -> 33.436159
A122: 0.44097222 | B122: =A122 -> 0.44097222 | C122: 121 | D122: =(A123-A122) -> 0.00069444444 | E122: =D122 -> 0.00069444444 | F122: 1 | G122: {=_xlfn.XMATCH(TRUE, _xlfn.SCAN(0, 'Events only'!D122:$D$411, _xlfn.LAMBDA(_xlpm.acc,_xlpm.x, IF(_xlpm.acc >= TIME(0,5,0), _xlpm.acc, _xlpm.acc + _xlpm.x))) >= TIME(0,5,0))} -> 3 | H122: =COUNTIF(Trips!$J$2:$J$233,'Events only'!C122) -> 0 | I122: =IF(COUNTIF(Trips!$L$2:$L$233,'Events only'!C122)>=1,1,0) -> 1 | J122: =IF(COUNTIF(Trips!$M$2:$M$233,'Events only'!C122)>=1, 1, 0) -> 0 | K122: 0 | L122: 0 | M122: 0.091941288 | N122: 0.068955966 | O122: 267.26121 | P122: 1 | Q122: =O122*Brussels!$C$50*'Events only'!D122*24/1000 -> 8.3590396
A123: 0.44166667 | B123: =A123 -> 0.44166667 | C123: 122 | D123: =(A124-A123) -> 0.0020833333 | E123: =D123 -> 0.0020833333 | F123: 1 | G123: {=_xlfn.XMATCH(TRUE, _xlfn.SCAN(0, 'Events only'!D123:$D$411, _xlfn.LAMBDA(_xlpm.acc,_xlpm.x, IF(_xlpm.acc >= TIME(0,5,0), _xlpm.acc, _xlpm.acc + _xlpm.x))) >= TIME(0,5,0))} -> 2 | H123: =COUNTIF(Trips!$J$2:$J$233,'Events only'!C123) -> 1 | I123: =IF(COUNTIF(Trips!$L$2:$L$233,'Events only'!C123)>=1,1,0) -> 0 | J123: =IF(COUNTIF(Trips!$M$2:$M$233,'Events only'!C123)>=1, 1, 0) -> 0 | K123: 0 | L123: 0 | M123: 0.091941288 | N123: 0.068955966 | O123: 267.26121 | P123: 1 | Q123: =O123*Brussels!$C$50*'Events only'!D123*24/1000 -> 25.077119
A124: 0.44375 | B124: =A124 -> 0.44375 | C124: 123 | D124: =(A125-A124) -> 0.0020833333 | E124: =D124 -> 0.0020833333 | F124: 1 | G124: {=_xlfn.XMATCH(TRUE, _xlfn.SCAN(0, 'Events only'!D124:$D$411, _xlfn.LAMBDA(_xlpm.acc,_xlpm.x, IF(_xlpm.acc >= TIME(0,5,0), _xlpm.acc, _xlpm.acc + _xlpm.x))) >= TIME(0,5,0))} -> 2 | H124: =COUNTIF(Trips!$J$2:$J$233,'Events only'!C124) -> 0 | I124: =IF(COUNTIF(Trips!$L$2:$L$233,'Events only'!C124)>=1,1,0) -> 0 | J124: =IF(COUNTIF(Trips!$M$2:$M$233,'Events only'!C124)>=1, 1, 0) -> 0 | K124: 0 | M124: 0.091941288 | N124: 0.068955966 | O124: 267.26121 | P124: 1 | Q124: =O124*Brussels!$C$50*'Events only'!D124*24/1000 -> 25.077119
A125: 0.44583333 | B125: =A125 -> 0.44583333 | C125: 124 | D125: =(A126-A125) -> 0.0034722222 | E125: =D125 -> 0.0034722222 | F125: 1 | G125: {=_xlfn.XMATCH(TRUE, _xlfn.SCAN(0, 'Events only'!D125:$D$411, _xlfn.LAMBDA(_xlpm.acc,_xlpm.x, IF(_xlpm.acc >= TIME(0,5,0), _xlpm.acc, _xlpm.acc + _xlpm.x))) >= TIME(0,5,0))} -> 2 | H125: =COUNTIF(Trips!$J$2:$J$233,'Events only'!C125) -> 0 | I125: =IF(COUNTIF(Trips!$L$2:$L$233,'Events only'!C125)>=1,1,0) -> 1 | J125: =IF(COUNTIF(Trips!$M$2:$M$233,'Events only'!C125)>=1, 1, 0) -> 1 | K125: 0 | L125: 0 | M125: 0.091941288 | N125: 0.068955966 | O125: 267.26121 | P125: 1 | Q125: =O125*Brussels!$C$50*'Events only'!D125*24/1000 -> 41.795198
A126: 0.44930556 | B126: =A126 -> 0.44930556 | C126: 125 | D126: =(A127-A126) -> 0.0020833333 | E126: =D126 -> 0.0020833333 | F126: 1 | G126: {=_xlfn.XMATCH(TRUE, _xlfn.SCAN(0, 'Events only'!D126:$D$411, _xlfn.LAMBDA(_xlpm.acc,_xlpm.x, IF(_xlpm.acc >= TIME(0,5,0), _xlpm.acc, _xlpm.acc + _xlpm.x))) >= TIME(0,5,0))} -> 2 | H126: =COUNTIF(Trips!$J$2:$J$233,'Events only'!C126) -> 0 | I126: =IF(COUNTIF(Trips!$L$2:$L$233,'Events only'!C126)>=1,1,0) -> 1 | J126: =IF(COUNTIF(Trips!$M$2:$M$233,'Events only'!C126)>=1, 1, 0) -> 0 | K126: 0 | L126: 0 | M126: 0.091941288 | N126: 0.068955966 | O126: 267.26121 | P126: 1 | Q126: =O126*Brussels!$C$50*'Events only'!D126*24/1000 -> 25.077119
A127: 0.45138889 | B127: =A127 -> 0.45138889 | C127: 126 | D127: =(A128-A127) -> 0.0020833333 | E127: =D127 -> 0.0020833333 | F127: 1 | G127: {=_xlfn.XMATCH(TRUE, _xlfn.SCAN(0, 'Events only'!D127:$D$411, _xlfn.LAMBDA(_xlpm.acc,_xlpm.x, IF(_xlpm.acc >= TIME(0,5,0), _xlpm.acc, _xlpm.acc + _xlpm.x))) >= TIME(0,5,0))} -> 3 | H127: =COUNTIF(Trips!$J$2:$J$233,'Events only'!C127) -> 1 | I127: =IF(COUNTIF(Trips!$L$2:$L$233,'Events only'!C127)>=1,1,0) -> 0 | J127: =IF(COUNTIF(Trips!$M$2:$M$233,'Events only'!C127)>=1, 1, 0) -> 0 | K127: 0 | L127: 0 | M127: 0.091941288 | N127: 0.068955966 | O127: 267.26121 | P127: 1 | Q127: =O127*Brussels!$C$50*'Events only'!D127*24/1000 -> 25.077119
A128: 0.45347222 | B128: =A128 -> 0.45347222 | C128: 127 | D128: =(A129-A128) -> 0.00069444444 | E128: =D128 -> 0.00069444444 | F128: 1 | G128: {=_xlfn.XMATCH(TRUE, _xlfn.SCAN(0, 'Events only'!D128:$D$411, _xlfn.LAMBDA(_xlpm.acc,_xlpm.x, IF(_xlpm.acc >= TIME(0,5,0), _xlpm.acc, _xlpm.acc + _xlpm.x))) >= TIME(0,5,0))} -> 3 | H128: =COUNTIF(Trips!$J$2:$J$233,'Events only'!C128) -> 0 | I128: =IF(COUNTIF(Trips!$L$2:$L$233,'Events only'!C128)>=1,1,0) -> 0 | J128: =IF(COUNTIF(Trips!$M$2:$M$233,'Events only'!C128)>=1, 1, 0) -> 0 | K128: 0 | M128: 0.091941288 | N128: 0.068955966 | O128: 267.26121 | P128: 1 | Q128: =O128*Brussels!$C$50*'Events only'!D128*24/1000 -> 8.3590396
A129: 0.45416667 | B129: =A129 -> 0.45416667 | C129: 128 | D129: =(A130-A129) -> 0.0027777778 | E129: =D129 -> 0.0027777778 | F129: 1 | G129: {=_xlfn.XMATCH(TRUE, _xlfn.SCAN(0, 'Events only'!D129:$D$411, _xlfn.LAMBDA(_xlpm.acc,_xlpm.x, IF(_xlpm.acc >= TIME(0,5,0), _xlpm.acc, _xlpm.acc + _xlpm.x))) >= TIME(0,5,0))} -> 3 | H129: =COUNTIF(Trips!$J$2:$J$233,'Events only'!C129) -> 0 | I129: =IF(COUNTIF(Trips!$L$2:$L$233,'Events only'!C129)>=1,1,0) -> 1 | J129: =IF(COUNTIF(Trips!$M$2:$M$233,'Events only'!C129)>=1, 1, 0) -> 1 | K129: 0 | L129: 0 | M129: 0.091941288 | N129: 0.068955966 | O129: 267.26121 | P129: 1 | Q129: =O129*Brussels!$C$50*'Events only'!D129*24/1000 -> 33.436159
A130: 0.45694444 | B130: =A130 -> 0.45694444 | C130: 129 | D130: =(A131-A130) -> 0.00069444444 | E130: =D130 -> 0.00069444444 | F130: 1 | G130: {=_xlfn.XMATCH(TRUE, _xlfn.SCAN(0, 'Events only'!D130:$D$411, _xlfn.LAMBDA(_xlpm.acc,_xlpm.x, IF(_xlpm.acc >= TIME(0,5,0), _xlpm.acc, _xlpm.acc + _xlpm.x))) >= TIME(0,5,0))} -> 3 | H130: =COUNTIF(Trips!$J$2:$J$233,'Events only'!C130) -> 0 | I130: =IF(COUNTIF(Trips!$L$2:$L$233,'Events only'!C130)>=1,1,0) -> 0 | J130: =IF(COUNTIF(Trips!$M$2:$M$233,'Events only'!C130)>=1, 1, 0) -> 1 | K130: 0 | L130: 0 | M130: 0.091941288 | N130: 0.068955966 | O130: 267.26121 | P130: 1 | Q130: =O130*Brussels!$C$50*'Events only'!D130*24/1000 -> 8.3590396
A131: 0.45763889 | B131: =A131 -> 0.45763889 | C131: 130 | D131: =(A132-A131) -> 0.00069444444 | E131: =D131 -> 0.00069444444 | F131: 1 | G131: {=_xlfn.XMATCH(TRUE, _xlfn.SCAN(0, 'Events only'!D131:$D$411, _xlfn.LAMBDA(_xlpm.acc,_xlpm.x, IF(_xlpm.acc >= TIME(0,5,0), _xlpm.acc, _xlpm.acc + _xlpm.x))) >= TIME(0,5,0))} -> 2 | H131: =COUNTIF(Trips!$J$2:$J$233,'Events only'!C131) -> 0 | I131: =IF(COUNTIF(Trips!$L$2:$L$233,'Events only'!C131)>=1,1,0) -> 0 | J131: =IF(COUNTIF(Trips!$M$2:$M$233,'Events only'!C131)>=1, 1, 0) -> 0 | K131: 0 | L131: 0 | M131: 0.091941288 | N131: 0.068955966 | O131: 267.26121 | P131: 1 | Q131: =O131*Brussels!$C$50*'Events only'!D131*24/1000 -> 8.3590396
A132: 0.45833333 | B132: =A132 -> 0.45833333 | C132: 131 | D132: =(A133-A132) -> 0.0041666667 | E132: =D132 -> 0.0041666667 | F132: 1 | G132: {=_xlfn.XMATCH(TRUE, _xlfn.SCAN(0, 'Events only'!D132:$D$411, _xlfn.LAMBDA(_xlpm.acc,_xlpm.x, IF(_xlpm.acc >= TIME(0,5,0), _xlpm.acc, _xlpm.acc + _xlpm.x))) >= TIME(0,5,0))} -> 1 | H132: =COUNTIF(Trips!$J$2:$J$233,'Events only'!C132) -> 0 | I132: =IF(COUNTIF(Trips!$L$2:$L$233,'Events only'!C132)>=1,1,0) -> 0 | J132: =IF(COUNTIF(Trips!$M$2:$M$233,'Events only'!C132)>=1, 1, 0) -> 0 | K132: 1 | L132: 1 | M132: 0.085476795 | N132: 0.064107596 | O132: 255.47279 | P132: 1 | Q132: =O132*Brussels!$C$50*'Events only'!D132*24/1000 -> 47.942025
A133: 0.4625 | B133: =A133 -> 0.4625 | C133: 132 | D133: =(A134-A133) -> 0.0020833333 | E133: =D133 -> 0.0020833333 | F133: 1 | G133: {=_xlfn.XMATCH(TRUE, _xlfn.SCAN(0, 'Events only'!D133:$D$411, _xlfn.LAMBDA(_xlpm.acc,_xlpm.x, IF(_xlpm.acc >= TIME(0,5,0), _xlpm.acc, _xlpm.acc + _xlpm.x))) >= TIME(0,5,0))} -> 3 | H133: =COUNTIF(Trips!$J$2:$J$233,'Events only'!C133) -> 0 | I133: =IF(COUNTIF(Trips!$L$2:$L$233,'Events only'!C133)>=1,1,0) -> 1 | J133: =IF(COUNTIF(Trips!$M$2:$M$233,'Events only'!C133)>=1, 1, 0) -> 1 | K133: 0 | L133: 0 | M133: 0.085476795 | N133: 0.064107596 | O133: 255.47279 | P133: 1 | Q133: =O133*Brussels!$C$50*'Events only'!D133*24/1000 -> 23.971012
A134: 0.46458333 | B134: =A134 -> 0.46458333 | C134: 133 | D134: =(A135-A134) -> 0.0013888889 | E134: =D134 -> 0.0013888889 | F134: 1 | G134: {=_xlfn.XMATCH(TRUE, _xlfn.SCAN(0, 'Events only'!D134:$D$411, _xlfn.LAMBDA(_xlpm.acc,_xlpm.x, IF(_xlpm.acc >= TIME(0,5,0), _xlpm.acc, _xlpm.acc + _xlpm.x))) >= TIME(0,5,0))} -> 2 | H134: =COUNTIF(Trips!$J$2:$J$233,'Events only'!C134) -> 0 | I134: =IF(COUNTIF(Trips!$L$2:$L$233,'Events only'!C134)>=1,1,0) -> 0 | J134: =IF(COUNTIF(Trips!$M$2:$M$233,'Events only'!C134)>=1, 1, 0) -> 1 | K134: 0 | L134: 0 | M134: 0.085476795 | N134: 0.064107596 | O134: 255.47279 | P134: 1 | Q134: =O134*Brussels!$C$50*'Events only'!D134*24/1000 -> 15.980675
A135: 0.46597222 | B135: =A135 -> 0.46597222 | C135: 134 | D135: =(A136-A135) -> 0.0048611111 | E135: =D135 -> 0.0048611111 | F135: 1 | G135: {=_xlfn.XMATCH(TRUE, _xlfn.SCAN(0, 'Events only'!D135:$D$411, _xlfn.LAMBDA(_xlpm.acc,_xlpm.x, IF(_xlpm.acc >= TIME(0,5,0), _xlpm.acc, _xlpm.acc + _xlpm.x))) >= TIME(0,5,0))} -> 1 | H135: =COUNTIF(Trips!$J$2:$J$233,'Events only'!C135) -> 0 | I135: =IF(COUNTIF(Trips!$L$2:$L$233,'Events only'!C135)>=1,1,0) -> 0 | J135: =IF(COUNTIF(Trips!$M$2:$M$233,'Events only'!C135)>=1, 1, 0) -> 0 | K135: 0 | L135: 0 | M135: 0.085476795 | N135: 0.064107596 | O135: 255.47279 | P135: 1 | Q135: =O135*Brussels!$C$50*'Events only'!D135*24/1000 -> 55.932362
A136: 0.47083333 | B136: =A136 -> 0.47083333 | C136: 135 | D136: =(A137-A136) -> 0.0020833333 | E136: =D136 -> 0.0020833333 | F136: 1 | G136: {=_xlfn.XMATCH(TRUE, _xlfn.SCAN(0, 'Events only'!D136:$D$411, _xlfn.LAMBDA(_xlpm.acc,_xlpm.x, IF(_xlpm.acc >= TIME(0,5,0), _xlpm.acc, _xlpm.acc + _xlpm.x))) >= TIME(0,5,0))} -> 2 | H136: =COUNTIF(Trips!$J$2:$J$233,'Events only'!C136) -> 0 | I136: =IF(COUNTIF(Trips!$L$2:$L$233,'Events only'!C136)>=1,1,0) -> 1 | J136: =IF(COUNTIF(Trips!$M$2:$M$233,'Events only'!C136)>=1, 1, 0) -> 1 | K136: 0 | L136: 0 | M136: 0.085476795 | N136: 0.064107596 | O136: 255.47279 | P136: 1 | Q136: =O136*Brussels!$C$50*'Events only'!D136*24/1000 -> 23.971012
A137: 0.47291667 | B137: =A137 -> 0.47291667 | C137: 136 | D137: =(A138-A137) -> 0.0027777778 | E137: =D137 -> 0.0027777778 | F137: 1 | G137: {=_xlfn.XMATCH(TRUE, _xlfn.SCAN(0, 'Events only'!D137:$D$411, _xlfn.LAMBDA(_xlpm.acc,_xlpm.x, IF(_xlpm.acc >= TIME(0,5,0), _xlpm.acc, _xlpm.acc + _xlpm.x))) >= TIME(0,5,0))} -> 2 | H137: =COUNTIF(Trips!$J$2:$J$233,'Events only'!C137) -> 0 | I137: =IF(COUNTIF(Trips!$L$2:$L$233,'Events only'!C137)>=1,1,0) -> 0 | J137: =IF(COUNTIF(Trips!$M$2:$M$233,'Events only'!C137)>=1, 1, 0) -> 1 | K137: 0 | L137: 0 | M137: 0.085476795 | N137: 0.064107596 | O137: 255.47279 | P137: 1 | Q137: =O137*Brussels!$C$50*'Events only'!D137*24/1000 -> 31.96135
A138: 0.47569444 | B138: =A138 -> 0.47569444 | C138: 137 | D138: =(A139-A138) -> 0.0034722222 | E138: =D138 -> 0.0034722222 | F138: 1 | G138: {=_xlfn.XMATCH(TRUE, _xlfn.SCAN(0, 'Events only'!D138:$D$411, _xlfn.LAMBDA(_xlpm.acc,_xlpm.x, IF(_xlpm.acc >= TIME(0,5,0), _xlpm.acc, _xlpm.acc + _xlpm.x))) >= TIME(0,5,0))} -> 1 | H138: =COUNTIF(Trips!$J$2:$J$233,'Events only'!C138) -> 0 | I138: =IF(COUNTIF(Trips!$L$2:$L$233,'Events only'!C138)>=1,1,0) -> 0 | J138: =IF(COUNTIF(Trips!$M$2:$M$233,'Events only'!C138)>=1, 1, 0) -> 0 | K138: 0 | L138: 0 | M138: 0.085476795 | N138: 0.064107596 | O138: 255.47279 | P138: 1 | Q138: =O138*Brussels!$C$50*'Events only'!D138*24/1000 -> 39.951687
A139: 0.47916667 | B139: =A139 -> 0.47916667 | C139: 138 | D139: =(A140-A139) -> 0.0020833333 | E139: =D139 -> 0.0020833333 | F139: 1 | G139: {=_xlfn.XMATCH(TRUE, _xlfn.SCAN(0, 'Events only'!D139:$D$411, _xlfn.LAMBDA(_xlpm.acc,_xlpm.x, IF(_xlpm.acc >= TIME(0,5,0), _xlpm.acc, _xlpm.acc + _xlpm.x))) >= TIME(0,5,0))} -> 2 | H139: =COUNTIF(Trips!$J$2:$J$233,'Events only'!C139) -> 0 | I139: =IF(COUNTIF(Trips!$L$2:$L$233,'Events only'!C139)>=1,1,0) -> 1 | J139: =IF(COUNTIF(Trips!$M$2:$M$233,'Events only'!C139)>=1, 1, 0) -> 1 | K139: 0 | L139: 0 | M139: 0.085476795 | N139: 0.064107596 | O139: 255.47279 | P139: 1 | Q139: =O139*Brussels!$C$50*'Events only'!D139*24/1000 -> 23.971012
A140: 0.48125 | B140: =A140 -> 0.48125 | C140: 139 | D140: =(A141-A140) -> 0.0027777778 | E140: =D140 -> 0.0027777778 | F140: 1 | G140: {=_xlfn.XMATCH(TRUE, _xlfn.SCAN(0, 'Events only'!D140:$D$411, _xlfn.LAMBDA(_xlpm.acc,_xlpm.x, IF(_xlpm.acc >= TIME(0,5,0), _xlpm.acc, _xlpm.acc + _xlpm.x))) >= TIME(0,5,0))} -> 2 | H140: =COUNTIF(Trips!$J$2:$J$233,'Events only'!C140) -> 0 | I140: =IF(COUNTIF(Trips!$L$2:$L$233,'Events only'!C140)>=1,1,0) -> 0 | J140: =IF(COUNTIF(Trips!$M$2:$M$233,'Events only'!C140)>=1, 1, 0) -> 1 | K140: 0 | L140: 0 | M140: 0.085476795 | N140: 0.064107596 | O140: 255.47279 | P140: 1 | Q140: =O140*Brussels!$C$50*'Events only'!D140*24/1000 -> 31.96135
... A185: 0.57361111 | B185: =A185 -> 0.57361111 | C185: 184 | D185: =(A186-A185) -> 0.00069444444 | E185: =D185 -> 0.00069444444 | F185: 1 | G185: {=_xlfn.XMATCH(TRUE, _xlfn.SCAN(0, 'Events only'!D185:$D$411, _xlfn.LAMBDA(_xlpm.acc,_xlpm.x, IF(_xlpm.acc >= TIME(0,5,0), _xlpm.acc, _xlpm.acc + _xlpm.x))) >= TIME(0,5,0))} -> 4 | H185: =COUNTIF(Trips!$J$2:$J$233,'Events only'!C185) -> 0 | I185: =IF(COUNTIF(Trips!$L$2:$L$233,'Events only'!C185)>=1,1,0) -> 0 | J185: =IF(COUNTIF(Trips!$M$2:$M$233,'Events only'!C185)>=1, 1, 0) -> 0 | K185: 0 | L185: 0 | M185: 0.072361479 | N185: 0.05427111 | O185: 249.12079 | P185: 1 | Q185: =O185*Brussels!$C$50*'Events only'!D185*24/1000 -> 7.791668
A186: 0.57430556 | B186: =A186 -> 0.57430556 | C186: 185 | D186: =(A187-A186) -> 0.0013888889 | E186: =D186 -> 0.0013888889 | F186: 1 | G186: {=_xlfn.XMATCH(TRUE, _xlfn.SCAN(0, 'Events only'!D186:$D$411, _xlfn.LAMBDA(_xlpm.acc,_xlpm.x, IF(_xlpm.acc >= TIME(0,5,0), _xlpm.acc, _xlpm.acc + _xlpm.x))) >= TIME(0,5,0))} -> 3 | H186: =COUNTIF(Trips!$J$2:$J$233,'Events only'!C186) -> 1 | I186: =IF(COUNTIF(Trips!$L$2:$L$233,'Events only'!C186)>=1,1,0) -> 0 | J186: =IF(COUNTIF(Trips!$M$2:$M$233,'Events only'!C186)>=1, 1, 0) -> 0 | K186: 0 | M186: 0.072361479 | N186: 0.05427111 | O186: 249.12079 | P186: 1 | Q186: =O186*Brussels!$C$50*'Events only'!D186*24/1000 -> 15.583336
A187: 0.57569444 | B187: =A187 -> 0.57569444 | C187: 186 | D187: =(A188-A187) -> 0.00069444444 | E187: =D187 -> 0.00069444444 | F187: 1 | G187: {=_xlfn.XMATCH(TRUE, _xlfn.SCAN(0, 'Events only'!D187:$D$411, _xlfn.LAMBDA(_xlpm.acc,_xlpm.x, IF(_xlpm.acc >= TIME(0,5,0), _xlpm.acc, _xlpm.acc + _xlpm.x))) >= TIME(0,5,0))} -> 3 | H187: =COUNTIF(Trips!$J$2:$J$233,'Events only'!C187) -> 0 | I187: =IF(COUNTIF(Trips!$L$2:$L$233,'Events only'!C187)>=1,1,0) -> 1 | J187: =IF(COUNTIF(Trips!$M$2:$M$233,'Events only'!C187)>=1, 1, 0) -> 1 | K187: 0 | L187: 0 | M187: 0.072361479 | N187: 0.05427111 | O187: 249.12079 | P187: 1 | Q187: =O187*Brussels!$C$50*'Events only'!D187*24/1000 -> 7.791668
A188: 0.57638889 | B188: =A188 -> 0.57638889 | C188: 187 | D188: =(A189-A188) -> 0.0020833333 | E188: =D188 -> 0.0020833333 | F188: 1 | G188: {=_xlfn.XMATCH(TRUE, _xlfn.SCAN(0, 'Events only'!D188:$D$411, _xlfn.LAMBDA(_xlpm.acc,_xlpm.x, IF(_xlpm.acc >= TIME(0,5,0), _xlpm.acc, _xlpm.acc + _xlpm.x))) >= TIME(0,5,0))} -> 2 | H188: =COUNTIF(Trips!$J$2:$J$233,'Events only'!C188) -> 0 | I188: =IF(COUNTIF(Trips!$L$2:$L$233,'Events only'!C188)>=1,1,0) -> 0 | J188: =IF(COUNTIF(Trips!$M$2:$M$233,'Events only'!C188)>=1, 1, 0) -> 0 | K188: 0 | L188: 0 | M188: 0.072361479 | N188: 0.05427111 | O188: 249.12079 | P188: 1 | Q188: =O188*Brussels!$C$50*'Events only'!D188*24/1000 -> 23.375004
A189: 0.57847222 | B189: =A189 -> 0.57847222 | C189: 188 | D189: =(A190-A189) -> 0.0034722222 | E189: =D189 -> 0.0034722222 | F189: 1 | G189: {=_xlfn.XMATCH(TRUE, _xlfn.SCAN(0, 'Events only'!D189:$D$411, _xlfn.LAMBDA(_xlpm.acc,_xlpm.x, IF(_xlpm.acc >= TIME(0,5,0), _xlpm.acc, _xlpm.acc + _xlpm.x))) >= TIME(0,5,0))} -> 2 | H189: =COUNTIF(Trips!$J$2:$J$233,'Events only'!C189) -> 0 | I189: =IF(COUNTIF(Trips!$L$2:$L$233,'Events only'!C189)>=1,1,0) -> 1 | J189: =IF(COUNTIF(Trips!$M$2:$M$233,'Events only'!C189)>=1, 1, 0) -> 1 | K189: 0 | L189: 0 | M189: 0.072361479 | N189: 0.05427111 | O189: 249.12079 | P189: 1 | Q189: =O189*Brussels!$C$50*'Events only'!D189*24/1000 -> 38.95834
A190: 0.58194444 | B190: =A190 -> 0.58194444 | C190: 189 | D190: =(A191-A190) -> 0.0013888889 | E190: =D190 -> 0.0013888889 | F190: 1 | G190: {=_xlfn.XMATCH(TRUE, _xlfn.SCAN(0, 'Events only'!D190:$D$411, _xlfn.LAMBDA(_xlpm.acc,_xlpm.x, IF(_xlpm.acc >= TIME(0,5,0), _xlpm.acc, _xlpm.acc + _xlpm.x))) >= TIME(0,5,0))} -> 3 | H190: =COUNTIF(Trips!$J$2:$J$233,'Events only'!C190) -> 0 | I190: =IF(COUNTIF(Trips!$L$2:$L$233,'Events only'!C190)>=1,1,0) -> 0 | J190: =IF(COUNTIF(Trips!$M$2:$M$233,'Events only'!C190)>=1, 1, 0) -> 0 | K190: 0 | L190: 0 | M190: 0.072361479 | N190: 0.05427111 | O190: 249.12079 | P190: 1 | Q190: =O190*Brussels!$C$50*'Events only'!D190*24/1000 -> 15.583336
A191: 0.58333333 | B191: =A191 -> 0.58333333 | C191: 190 | D191: =(A192-A191) -> 0.0013888889 | E191: =D191 -> 0.0013888889 | F191: 1 | G191: {=_xlfn.XMATCH(TRUE, _xlfn.SCAN(0, 'Events only'!D191:$D$411, _xlfn.LAMBDA(_xlpm.acc,_xlpm.x, IF(_xlpm.acc >= TIME(0,5,0), _xlpm.acc, _xlpm.acc + _xlpm.x))) >= TIME(0,5,0))} -> 3 | H191: =COUNTIF(Trips!$J$2:$J$233,'Events only'!C191) -> 0 | I191: =IF(COUNTIF(Trips!$L$2:$L$233,'Events only'!C191)>=1,1,0) -> 0 | J191: =IF(COUNTIF(Trips!$M$2:$M$233,'Events only'!C191)>=1, 1, 0) -> 1 | K191: 1 | L191: 1 | M191: 0.076169233 | N191: 0.057126925 | O191: 247.96008 | P191: 1 | Q191: =O191*Brussels!$C$50*'Events only'!D191*24/1000 -> 15.51073
A192: 0.58472222 | B192: =A192 -> 0.58472222 | C192: 191 | D192: =(A193-A192) -> 0.0020833333 | E192: =D192 -> 0.0020833333 | F192: 1 | G192: {=_xlfn.XMATCH(TRUE, _xlfn.SCAN(0, 'Events only'!D192:$D$411, _xlfn.LAMBDA(_xlpm.acc,_xlpm.x, IF(_xlpm.acc >= TIME(0,5,0), _xlpm.acc, _xlpm.acc + _xlpm.x))) >= TIME(0,5,0))} -> 2 | H192: =COUNTIF(Trips!$J$2:$J$233,'Events only'!C192) -> 1 | I192: =IF(COUNTIF(Trips!$L$2:$L$233,'Events only'!C192)>=1,1,0) -> 0 | J192: =IF(COUNTIF(Trips!$M$2:$M$233,'Events only'!C192)>=1, 1, 0) -> 0 | K192: 0 | L192: 0 | M192: 0.076169233 | N192: 0.057126925 | O192: 247.96008 | P192: 1 | Q192: =O192*Brussels!$C$50*'Events only'!D192*24/1000 -> 23.266095
A193: 0.58680556 | B193: =A193 -> 0.58680556 | C193: 192 | D193: =(A194-A193) -> 0.0034722222 | E193: =D193 -> 0.0034722222 | F193: 1 | G193: {=_xlfn.XMATCH(TRUE, _xlfn.SCAN(0, 'Events only'!D193:$D$411, _xlfn.LAMBDA(_xlpm.acc,_xlpm.x, IF(_xlpm.acc >= TIME(0,5,0), _xlpm.acc, _xlpm.acc + _xlpm.x))) >= TIME(0,5,0))} -> 2 | H193: =COUNTIF(Trips!$J$2:$J$233,'Events only'!C193) -> 0 | I193: =IF(COUNTIF(Trips!$L$2:$L$233,'Events only'!C193)>=1,1,0) -> 1 | J193: =IF(COUNTIF(Trips!$M$2:$M$233,'Events only'!C193)>=1, 1, 0) -> 1 | K193: 0 | L193: 0 | M193: 0.076169233 | N193: 0.057126925 | O193: 247.96008 | P193: 1 | Q193: =O193*Brussels!$C$50*'Events only'!D193*24/1000 -> 38.776824
A194: 0.59027778 | B194: =A194 -> 0.59027778 | C194: 193 | D194: =(A195-A194) -> 0.0027777778 | E194: =D194 -> 0.0027777778 | F194: 1 | G194: {=_xlfn.XMATCH(TRUE, _xlfn.SCAN(0, 'Events only'!D194:$D$411, _xlfn.LAMBDA(_xlpm.acc,_xlpm.x, IF(_xlpm.acc >= TIME(0,5,0), _xlpm.acc, _xlpm.acc + _xlpm.x))) >= TIME(0,5,0))} -> 2 | H194: =COUNTIF(Trips!$J$2:$J$233,'Events only'!C194) -> 0 | I194: =IF(COUNTIF(Trips!$L$2:$L$233,'Events only'!C194)>=1,1,0) -> 0 | J194: =IF(COUNTIF(Trips!$M$2:$M$233,'Events only'!C194)>=1, 1, 0) -> 1 | K194: 0 | L194: 0 | M194: 0.076169233 | N194: 0.057126925 | O194: 247.96008 | P194: 1 | Q194: =O194*Brussels!$C$50*'Events only'!D194*24/1000 -> 31.021459
A195: 0.59305556 | B195: =A195 -> 0.59305556 | C195: 194 | D195: =(A196-A195) -> 0.0020833333 | E195: =D195 -> 0.0020833333 | F195: 1 | G195: {=_xlfn.XMATCH(TRUE, _xlfn.SCAN(0, 'Events only'!D195:$D$411, _xlfn.LAMBDA(_xlpm.acc,_xlpm.x, IF(_xlpm.acc >= TIME(0,5,0), _xlpm.acc, _xlpm.acc + _xlpm.x))) >= TIME(0,5,0))} -> 3 | H195: =COUNTIF(Trips!$J$2:$J$233,'Events only'!C195) -> 0 | I195: =IF(COUNTIF(Trips!$L$2:$L$233,'Events only'!C195)>=1,1,0) -> 0 | J195: =IF(COUNTIF(Trips!$M$2:$M$233,'Events only'!C195)>=1, 1, 0) -> 0 | K195: 0 | L195: 0 | M195: 0.076169233 | N195: 0.057126925 | O195: 247.96008 | P195: 1 | Q195: =O195*Brussels!$C$50*'Events only'!D195*24/1000 -> 23.266095
A196: 0.59513889 | B196: =A196 -> 0.59513889 | C196: 195 | D196: =(A197-A196) -> 0.0013888889 | E196: =D196 -> 0.0013888889 | F196: 1 | G196: {=_xlfn.XMATCH(TRUE, _xlfn.SCAN(0, 'Events only'!D196:$D$411, _xlfn.LAMBDA(_xlpm.acc,_xlpm.x, IF(_xlpm.acc >= TIME(0,5,0), _xlpm.acc, _xlpm.acc + _xlpm.x))) >= TIME(0,5,0))} -> 3 | H196: =COUNTIF(Trips!$J$2:$J$233,'Events only'!C196) -> 0 | I196: =IF(COUNTIF(Trips!$L$2:$L$233,'Events only'!C196)>=1,1,0) -> 0 | J196: =IF(COUNTIF(Trips!$M$2:$M$233,'Events only'!C196)>=1, 1, 0) -> 1 | K196: 0 | L196: 0 | M196: 0.076169233 | N196: 0.057126925 | O196: 247.96008 | P196: 1 | Q196: =O196*Brussels!$C$50*'Events only'!D196*24/1000 -> 15.51073
A197: 0.59652778 | B197: =A197 -> 0.59652778 | C197: 196 | D197: =(A198-A197) -> 0.0020833333 | E197: =D197 -> 0.0020833333 | F197: 1 | G197: {=_xlfn.XMATCH(TRUE, _xlfn.SCAN(0, 'Events only'!D197:$D$411, _xlfn.LAMBDA(_xlpm.acc,_xlpm.x, IF(_xlpm.acc >= TIME(0,5,0), _xlpm.acc, _xlpm.acc + _xlpm.x))) >= TIME(0,5,0))} -> 3 | H197: =COUNTIF(Trips!$J$2:$J$233,'Events only'!C197) -> 0 | I197: =IF(COUNTIF(Trips!$L$2:$L$233,'Events only'!C197)>=1,1,0) -> 1 | J197: =IF(COUNTIF(Trips!$M$2:$M$233,'Events only'!C197)>=1, 1, 0) -> 0 | K197: 0 | L197: 0 | M197: 0.076169233 | N197: 0.057126925 | O197: 247.96008 | P197: 1 | Q197: =O197*Brussels!$C$50*'Events only'!D197*24/1000 -> 23.266095
A198: 0.59861111 | B198: =A198 -> 0.59861111 | C198: 197 | D198: =(A199-A198) -> 0.00069444444 | E198: =D198 -> 0.00069444444 | F198: 1 | G198: {=_xlfn.XMATCH(TRUE, _xlfn.SCAN(0, 'Events only'!D198:$D$411, _xlfn.LAMBDA(_xlpm.acc,_xlpm.x, IF(_xlpm.acc >= TIME(0,5,0), _xlpm.acc, _xlpm.acc + _xlpm.x))) >= TIME(0,5,0))} -> 4 | H198: =COUNTIF(Trips!$J$2:$J$233,'Events only'!C198) -> 0 | I198: =IF(COUNTIF(Trips!$L$2:$L$233,'Events only'!C198)>=1,1,0) -> 0 | J198: =IF(COUNTIF(Trips!$M$2:$M$233,'Events only'!C198)>=1, 1, 0) -> 0 | K198: 0 | L198: 0 | M198: 0.076169233 | N198: 0.057126925 | O198: 247.96008 | P198: 1 | Q198: =O198*Brussels!$C$50*'Events only'!D198*24/1000 -> 7.7553648
A199: 0.59930556 | B199: =A199 -> 0.59930556 | C199: 198 | D199: =(A200-A199) -> 0.0013888889 | E199: =D199 -> 0.0013888889 | F199: 1 | G199: {=_xlfn.XMATCH(TRUE, _xlfn.SCAN(0, 'Events only'!D199:$D$411, _xlfn.LAMBDA(_xlpm.acc,_xlpm.x, IF(_xlpm.acc >= TIME(0,5,0), _xlpm.acc, _xlpm.acc + _xlpm.x))) >= TIME(0,5,0))} -> 3 | H199: =COUNTIF(Trips!$J$2:$J$233,'Events only'!C199) -> 1 | I199: =IF(COUNTIF(Trips!$L$2:$L$233,'Events only'!C199)>=1,1,0) -> 0 | J199: =IF(COUNTIF(Trips!$M$2:$M$233,'Events only'!C199)>=1, 1, 0) -> 1 | K199: 0 | M199: 0.076169233 | N199: 0.057126925 | O199: 247.96008 | P199: 1 | Q199: =O199*Brussels!$C$50*'Events only'!D199*24/1000 -> 15.51073
A200: 0.60069444 | B200: =A200 -> 0.60069444 | C200: 199 | D200: =(A201-A200) -> 0.00069444444 | E200: =D200 -> 0.00069444444 | F200: 1 | G200: {=_xlfn.XMATCH(TRUE, _xlfn.SCAN(0, 'Events only'!D200:$D$411, _xlfn.LAMBDA(_xlpm.acc,_xlpm.x, IF(_xlpm.acc >= TIME(0,5,0), _xlpm.acc, _xlpm.acc + _xlpm.x))) >= TIME(0,5,0))} -> 3 | H200: =COUNTIF(Trips!$J$2:$J$233,'Events only'!C200) -> 0 | I200: =IF(COUNTIF(Trips!$L$2:$L$233,'Events only'!C200)>=1,1,0) -> 0 | J200: =IF(COUNTIF(Trips!$M$2:$M$233,'Events only'!C200)>=1, 1, 0) -> 0 | K200: 0 | L200: 0 | M200: 0.076169233 | N200: 0.057126925 | O200: 247.96008 | P200: 1 | Q200: =O200*Brussels!$C$50*'Events only'!D200*24/1000 -> 7.7553648
A201: 0.60138889 | B201: =A201 -> 0.60138889 | C201: 200 | D201: =(A202-A201) -> 0.0020833333 | E201: =D201 -> 0.0020833333 | F201: 1 | G201: {=_xlfn.XMATCH(TRUE, _xlfn.SCAN(0, 'Events only'!D201:$D$411, _xlfn.LAMBDA(_xlpm.acc,_xlpm.x, IF(_xlpm.acc >= TIME(0,5,0), _xlpm.acc, _xlpm.acc + _xlpm.x))) >= TIME(0,5,0))} -> 2 | H201: =COUNTIF(Trips!$J$2:$J$233,'Events only'!C201) -> 0 | I201: =IF(COUNTIF(Trips!$L$2:$L$233,'Events only'!C201)>=1,1,0) -> 1 | J201: =IF(COUNTIF(Trips!$M$2:$M$233,'Events only'!C201)>=1, 1, 0) -> 0 | K201: 0 | L201: 0 | M201: 0.076169233 | N201: 0.057126925 | O201: 247.96008 | P201: 1 | Q201: =O201*Brussels!$C$50*'Events only'!D201*24/1000 -> 23.266095
A202: 0.60347222 | B202: =A202 -> 0.60347222 | C202: 201 | D202: =(A203-A202) -> 0.0034722222 | E202: =D202 -> 0.0034722222 | F202: 1 | G202: {=_xlfn.XMATCH(TRUE, _xlfn.SCAN(0, 'Events only'!D202:$D$411, _xlfn.LAMBDA(_xlpm.acc,_xlpm.x, IF(_xlpm.acc >= TIME(0,5,0), _xlpm.acc, _xlpm.acc + _xlpm.x))) >= TIME(0,5,0))} -> 2 | H202: =COUNTIF(Trips!$J$2:$J$233,'Events only'!C202) -> 0 | I202: =IF(COUNTIF(Trips!$L$2:$L$233,'Events only'!C202)>=1,1,0) -> 1 | J202: =IF(COUNTIF(Trips!$M$2:$M$233,'Events only'!C202)>=1, 1, 0) -> 1 | K202: 0 | L202: 0 | M202: 0.076169233 | N202: 0.057126925 | O202: 247.96008 | P202: 1 | Q202: =O202*Brussels!$C$50*'Events only'!D202*24/1000 -> 38.776824
A203: 0.60694444 | B203: =A203 -> 0.60694444 | C203: 202 | D203: =(A204-A203) -> 0.00069444444 | E203: =D203 -> 0.00069444444 | F203: 1 | G203: {=_xlfn.XMATCH(TRUE, _xlfn.SCAN(0, 'Events only'!D203:$D$411, _xlfn.LAMBDA(_xlpm.acc,_xlpm.x, IF(_xlpm.acc >= TIME(0,5,0), _xlpm.acc, _xlpm.acc + _xlpm.x))) >= TIME(0,5,0))} -> 3 | H203: =COUNTIF(Trips!$J$2:$J$233,'Events only'!C203) -> 0 | I203: =IF(COUNTIF(Trips!$L$2:$L$233,'Events only'!C203)>=1,1,0) -> 0 | J203: =IF(COUNTIF(Trips!$M$2:$M$233,'Events only'!C203)>=1, 1, 0) -> 1 | K203: 0 | L203: 0 | M203: 0.076169233 | N203: 0.057126925 | O203: 247.96008 | P203: 1 | Q203: =O203*Brussels!$C$50*'Events only'!D203*24/1000 -> 7.7553648
A204: 0.60763889 | B204: =A204 -> 0.60763889 | C204: 203 | D204: =(A205-A204) -> 0.00069444444 | E204: =D204 -> 0.00069444444 | F204: 1 | G204: {=_xlfn.XMATCH(TRUE, _xlfn.SCAN(0, 'Events only'!D204:$D$411, _xlfn.LAMBDA(_xlpm.acc,_xlpm.x, IF(_xlpm.acc >= TIME(0,5,0), _xlpm.acc, _xlpm.acc + _xlpm.x))) >= TIME(0,5,0))} -> 3 | H204: =COUNTIF(Trips!$J$2:$J$233,'Events only'!C204) -> 0 | I204: =IF(COUNTIF(Trips!$L$2:$L$233,'Events only'!C204)>=1,1,0) -> 0 | J204: =IF(COUNTIF(Trips!$M$2:$M$233,'Events only'!C204)>=1, 1, 0) -> 0 | K204: 0 | L204: 0 | M204: 0.076169233 | N204: 0.057126925 | O204: 247.96008 | P204: 1 | Q204: =O204*Brussels!$C$50*'Events only'!D204*24/1000 -> 7.7553648
A205: 0.60833333 | B205: =A205 -> 0.60833333 | C205: 204 | D205: =(A206-A205) -> 0.0020833333 | E205: =D205 -> 0.0020833333 | F205: 1 | G205: {=_xlfn.XMATCH(TRUE, _xlfn.SCAN(0, 'Events only'!D205:$D$411, _xlfn.LAMBDA(_xlpm.acc,_xlpm.x, IF(_xlpm.acc >= TIME(0,5,0), _xlpm.acc, _xlpm.acc + _xlpm.x))) >= TIME(0,5,0))} -> 3 | H205: =COUNTIF(Trips!$J$2:$J$233,'Events only'!C205) -> 1 | I205: =IF(COUNTIF(Trips!$L$2:$L$233,'Events only'!C205)>=1,1,0) -> 0 | J205: =IF(COUNTIF(Trips!$M$2:$M$233,'Events only'!C205)>=1, 1, 0) -> 0 | K205: 0 | M205: 0.076169233 | N205: 0.057126925 | O205: 247.96008 | P205: 1 | Q205: =O205*Brussels!$C$50*'Events only'!D205*24/1000 -> 23.266095
A206: 0.61041667 | B206: =A206 -> 0.61041667 | C206: 205 | D206: =(A207-A206) -> 0.00069444444 | E206: =D206 -> 0.00069444444 | F206: 1 | G206: {=_xlfn.XMATCH(TRUE, _xlfn.SCAN(0, 'Events only'!D206:$D$411, _xlfn.LAMBDA(_xlpm.acc,_xlpm.x, IF(_xlpm.acc >= TIME(0,5,0), _xlpm.acc, _xlpm.acc + _xlpm.x))) >= TIME(0,5,0))} -> 3 | H206: =COUNTIF(Trips!$J$2:$J$233,'Events only'!C206) -> 0 | I206: =IF(COUNTIF(Trips!$L$2:$L$233,'Events only'!C206)>=1,1,0) -> 1 | J206: =IF(COUNTIF(Trips!$M$2:$M$233,'Events only'!C206)>=1, 1, 0) -> 0 | K206: 0 | L206: 0 | M206: 0.076169233 | N206: 0.057126925 | O206: 247.96008 | P206: 1 | Q206: =O206*Brussels!$C$50*'Events only'!D206*24/1000 -> 7.7553648
A207: 0.61111111 | B207: =A207 -> 0.61111111 | C207: 206 | D207: =(A208-A207) -> 0.0027777778 | E207: =D207 -> 0.0027777778 | F207: 1 | G207: {=_xlfn.XMATCH(TRUE, _xlfn.SCAN(0, 'Events only'!D207:$D$411, _xlfn.LAMBDA(_xlpm.acc,_xlpm.x, IF(_xlpm.acc >= TIME(0,5,0), _xlpm.acc, _xlpm.acc + _xlpm.x))) >= TIME(0,5,0))} -> 2 | H207: =COUNTIF(Trips!$J$2:$J$233,'Events only'!C207) -> 0 | I207: =IF(COUNTIF(Trips!$L$2:$L$233,'Events only'!C207)>=1,1,0) -> 0 | J207: =IF(COUNTIF(Trips!$M$2:$M$233,'Events only'!C207)>=1, 1, 0) -> 1 | K207: 0 | L207: 0 | M207: 0.076169233 | N207: 0.057126925 | O207: 247.96008 | P207: 1 | Q207: =O207*Brussels!$C$50*'Events only'!D207*24/1000 -> 31.021459
...

Sheet Pre-Parameter
A1: Trip index | B1: Departure time | C1: Arrival Time | D1: Bus assigned | E1: Departure Depot | F1: Arrival Depot | G1: Events covered | H1: Arrival/Departure at D0 | I1: Departure D0 | J1: Arrival D0 | K1: Arrival/Departure at D1 | L1: Departure D1 | M1: Arrival D1 | N1: Arrival/Departure at D2 | O1: Departure D2 | P1: Arrival D2 | T1: Time intervals D0 | V1: Sequence D0 | W1: Time intervals D1 | Y1: Sequences D1 | Z1: Time intervals D2 | AB1: Sequences D2
A2: 1 | B2: 0.19861111 | C2: 0.24305556 | D2: 501 | E2: D0 | F2: D1 | G2: 1, 2, 3, 4, 5, 6, 7, 8, 9, 10, 11 | H2: =IF(E2="D0",LEFT(G2,FIND(",",G2)-1),IF(F2="D0",RIGHT(G2,LEN(G2)-FIND("#",SUBSTITUTE(G2,",","#",LEN(G2)-LEN(SUBSTITUTE(G2,",",""))))),"- ")) -> 1 | I2: =IF(E2="D0",LEFT(G2,FIND(",",G2)-1), "-") -> 1 | J2: =IF(F2="D0",RIGHT(G2,LEN(G2)-FIND("#",SUBSTITUTE(G2,",","#",LEN(G2)-LEN(SUBSTITUTE(G2,",",""))))),"- ") -> - | K2: =IF(E2="D1",LEFT(G2,FIND(",",G2)-1),IF(F2="D1",RIGHT(G2,LEN(G2)-FIND("#",SUBSTITUTE(G2,",","#",LEN(G2)-LEN(SUBSTITUTE(G2,",","")))))," - ")) -> 11 | L2: =IF(E2="D1",LEFT(G2,FIND(",",G2)-1), "-") -> - | M2: =IF(F2="D1",RIGHT(G2,LEN(G2)-FIND("#",SUBSTITUTE(G2,",","#",LEN(G2)-LEN(SUBSTITUTE(G2,",","")))))+1,"- ") -> 12 | N2: =IF(E2="D2",LEFT(G2,FIND(",",G2)-1),IF(F2="D2",RIGHT(G2,LEN(G2)-FIND("#",SUBSTITUTE(G2,",","#",LEN(G2)-LEN(SUBSTITUTE(G2,",","")))))," - ")) -> - | O2: =IF(E2="D2",LEFT(G2,FIND(",",G2)-1), "-") -> - | P2: =IF(F2="D2",RIGHT(G2,LEN(G2)-FIND("#",SUBSTITUTE(G2,",","#",LEN(G2)-LEN(SUBSTITUTE(G2,",","")))))+1,"- ") -> - | T2: 1 | U2: =H2 -> 1 | W2: =M2 -> 12 | X2: =L3 -> 16 | Y2: =_xlfn.TEXTJOIN(", ", TRUE, _xlfn.SEQUENCE(X2-W2, 1, W2, 1)) -> 12, 13, 14, 15 | Z2: =P2 -> - | AA2: =O3 -> -
A3: 11 | B3: 0.25347222 | C3: 0.28541667 | D3: 501 | E3: D1 | F3: D2 | G3: 16, 17, 18, 19, 20, 21, 22, 23, 24, 25, 26, 27, 28, 29, 30, 31, 32, 33 | H3: =IF(E3="D0",LEFT(G3,FIND(",",G3)-1),IF(F3="D0",RIGHT(G3,LEN(G3)-FIND("#",SUBSTITUTE(G3,",","#",LEN(G3)-LEN(SUBSTITUTE(G3,",",""))))),"- ")) -> - | I3: =IF(E3="D0",LEFT(G3,FIND(",",G3)-1), "-") -> - | J3: =IF(F3="D0",RIGHT(G3,LEN(G3)-FIND("#",SUBSTITUTE(G3,",","#",LEN(G3)-LEN(SUBSTITUTE(G3,",",""))))),"- ") -> - | K3: =IF(E3="D1",LEFT(G3,FIND(",",G3)-1),IF(F3="D1",RIGHT(G3,LEN(G3)-FIND("#",SUBSTITUTE(G3,",","#",LEN(G3)-LEN(SUBSTITUTE(G3,",","")))))," - ")) -> 16 | L3: =IF(E3="D1",LEFT(G3,FIND(",",G3)-1), "-") -> 16 | M3: =IF(F3="D1",RIGHT(G3,LEN(G3)-FIND("#",SUBSTITUTE(G3,",","#",LEN(G3)-LEN(SUBSTITUTE(G3,",","")))))+1,"- ") -> - | N3: =IF(E3="D2",LEFT(G3,FIND(",",G3)-1),IF(F3="D2",RIGHT(G3,LEN(G3)-FIND("#",SUBSTITUTE(G3,",","#",LEN(G3)-LEN(SUBSTITUTE(G3,",","")))))," - ")) -> 33 | O3: =IF(E3="D2",LEFT(G3,FIND(",",G3)-1), "-") -> - | P3: =IF(F3="D2",RIGHT(G3,LEN(G3)-FIND("#",SUBSTITUTE(G3,",","#",LEN(G3)-LEN(SUBSTITUTE(G3,",","")))))+1,"- ") -> 34 | T3: =H6 -> 123 | U3: 410 | V3: =_xlfn.TEXTJOIN(", ", TRUE, _xlfn.SEQUENCE(U3-T3+1, 1, T3, 1)) -> 123, 124, 125, 126, 127, 128, 129, 130, 131, 132, 133, 134, 135, 136, 137, 138, 139, 140, 141, 142, 143, 144, 145, 146, 147, 148, 149, 150, 151, 152, 153, 154, 155, 156, 157, 158, 159, 160, 161, 162, 163, 164, 165, 166, 167, 168, 169, 170, 171, 172, 173, 174, 175, 176, 177, 178, 179, 180, 181, 182, 183, 184, 185, 186, 187, 188, 189, 190, 191, 192, 193, 194, 195, 196, 197, 198, 199, 200, 201, 202, 203, 204, 205, 206, 207, 208, 209, 210, 211, 212, 213, 214, 215, 216, 217, 218, 219, 220, 221, 222, 223, 224, 225, 226, 227, 228, 229, 230, 231, 232, 233, 234, 235, 236, 237, 238, 239, 240, 241, 242, 243, 244, 245, 246, 247, 248, 249, 250, 251, 252, 253, 254, 255, 256, 257, 258, 259, 260, 261, 262, 263, 264, 265, 266, 267, 268, 269, 270, 271, 272, 273, 274, 275, 276, 277, 278, 279, 280, 281, 282, 283, 284, 285, 286, 287, 288, 289, 290, 291, 292, 293, 294, 295, 296, 297, 298, 299, 300, 301, 302, 303, 304, 305, 306, 307, 308, 309, 310, 311, 312, 313, 314, 315, 316, 317, 318, 319, 320, 321, 322, 323, 324, 325, 326, 327, 328, 329, 330, 331, 332, 333, 334, 335, 336, 337, 338, 339, 340, 341, 342, 343, 344, 345, 346, 347, 348, 349, 350, 351, 352, 353, 354, 355, 356, 357, 358, 359, 360, 361, 362, 363, 364, 365, 366, 367, 368, 369, 370, 371, 372, 373, 374, 375, 376, 377, 378, 379, 380, 381, 382, 383, 384, 385, 386, 387, 388, 389, 390, 391, 392, 393, 394, 395, 396, 397, 398, 399, 400, 401, 402, 403, 404, 405, 406, 407, 408, 409, 410 | W3: =M3 -> - | X3: =L4 -> - | Z3: =P3 -> 34 | AA3: =O4 -> 40 | AB3: =_xlfn.TEXTJOIN(", ", TRUE, _xlfn.SEQUENCE(AA3-Z3, 1, Z3, 1)) -> 34, 35, 36, 37, 38, 39
A4: 27 | B4: 0.29513889 | C4: 0.33263889 | D4: 501 | E4: D2 | F4: D1 | G4: 40, 41, 42, 43, 44, 45, 46, 47, 48, 49, 50, 51, 52, 53, 54, 55, 56, 57 | H4: =IF(E4="D0",LEFT(G4,FIND(",",G4)-1),IF(F4="D0",RIGHT(G4,LEN(G4)-FIND("#",SUBSTITUTE(G4,",","#",LEN(G4)-LEN(SUBSTITUTE(G4,",",""))))),"- ")) -> - | I4: =IF(E4="D0",LEFT(G4,FIND(",",G4)-1), "-") -> - | J4: =IF(F4="D0",RIGHT(G4,LEN(G4)-FIND("#",SUBSTITUTE(G4,",","#",LEN(G4)-LEN(SUBSTITUTE(G4,",",""))))),"- ") -> - | K4: =IF(E4="D1",LEFT(G4,FIND(",",G4)-1),IF(F4="D1",RIGHT(G4,LEN(G4)-FIND("#",SUBSTITUTE(G4,",","#",LEN(G4)-LEN(SUBSTITUTE(G4,",","")))))," - ")) -> 57 | L4: =IF(E4="D1",LEFT(G4,FIND(",",G4)-1), "-") -> - | M4: =IF(F4="D1",RIGHT(G4,LEN(G4)-FIND("#",SUBSTITUTE(G4,",","#",LEN(G4)-LEN(SUBSTITUTE(G4,",","")))))+1,"- ") -> 58 | N4: =IF(E4="D2",LEFT(G4,FIND(",",G4)-1),IF(F4="D2",RIGHT(G4,LEN(G4)-FIND("#",SUBSTITUTE(G4,",","#",LEN(G4)-LEN(SUBSTITUTE(G4,",","")))))," - ")) -> 40 | O4: =IF(E4="D2",LEFT(G4,FIND(",",G4)-1), "-") -> 40 | P4: =IF(F4="D2",RIGHT(G4,LEN(G4)-FIND("#",SUBSTITUTE(G4,",","#",LEN(G4)-LEN(SUBSTITUTE(G4,",","")))))+1,"- ") -> - | W4: =M4 -> 58 | X4: =L5 -> 68 | Y4: =_xlfn.TEXTJOIN(", ", TRUE, _xlfn.SEQUENCE(X4-W4, 1, W4, 1)) -> 58, 59, 60, 61, 62, 63, 64, 65, 66, 67 | Z4: =P4 -> - | AA4: =O5 -> -
A5: 48 | B5: 0.34791667 | C5: 0.39166667 | D5: 501 | E5: D1 | F5: D2 | G5: 68, 69, 70, 71, 72, 73, 74, 75, 76, 77, 78, 79, 80, 81, 82, 83, 84, 85, 86, 87, 88, 89, 90, 91, 92, 93, 94, 95 | H5: =IF(E5="D0",LEFT(G5,FIND(",",G5)-1),IF(F5="D0",RIGHT(G5,LEN(G5)-FIND("#",SUBSTITUTE(G5,",","#",LEN(G5)-LEN(SUBSTITUTE(G5,",",""))))),"- ")) -> - | I5: =IF(E5="D0",LEFT(G5,FIND(",",G5)-1), "-") -> - | J5: =IF(F5="D0",RIGHT(G5,LEN(G5)-FIND("#",SUBSTITUTE(G5,",","#",LEN(G5)-LEN(SUBSTITUTE(G5,",",""))))),"- ") -> - | K5: =IF(E5="D1",LEFT(G5,FIND(",",G5)-1),IF(F5="D1",RIGHT(G5,LEN(G5)-FIND("#",SUBSTITUTE(G5,",","#",LEN(G5)-LEN(SUBSTITUTE(G5,",","")))))," - ")) -> 68 | L5: =IF(E5="D1",LEFT(G5,FIND(",",G5)-1), "-") -> 68 | M5: =IF(F5="D1",RIGHT(G5,LEN(G5)-FIND("#",SUBSTITUTE(G5,",","#",LEN(G5)-LEN(SUBSTITUTE(G5,",","")))))+1,"- ") -> - | N5: =IF(E5="D2",LEFT(G5,FIND(",",G5)-1),IF(F5="D2",RIGHT(G5,LEN(G5)-FIND("#",SUBSTITUTE(G5,",","#",LEN(G5)-LEN(SUBSTITUTE(G5,",","")))))," - ")) -> 95 | O5: =IF(E5="D2",LEFT(G5,FIND(",",G5)-1), "-") -> - | P5: =IF(F5="D2",RIGHT(G5,LEN(G5)-FIND("#",SUBSTITUTE(G5,",","#",LEN(G5)-LEN(SUBSTITUTE(G5,",","")))))+1,"- ") -> 96 | W5: =M5 -> - | X5: =L6 -> - | Z5: =P5 -> 96 | AA5: =O6 -> 102 | AB5: =_xlfn.TEXTJOIN(", ", TRUE, _xlfn.SEQUENCE(AA5-Z5, 1, Z5, 1)) -> 96, 97, 98, 99, 100, 101
A6: 65 | B6: 0.40208333 | C6: 0.44375 | D6: 501 | E6: D2 | F6: D0 | G6: 102, 103, 104, 105, 106, 107, 108, 109, 110, 111, 112, 113, 114, 115, 116, 117, 118, 119, 120, 121, 122 | H6: =IF(E6="D0",LEFT(G6,FIND(",",G6)-1),IF(F6="D0",RIGHT(G6,LEN(G6)-FIND("#",SUBSTITUTE(G6,",","#",LEN(G6)-LEN(SUBSTITUTE(G6,",",""))))),"- ")) +1 -> 123 | I6: =IF(E6="D0",LEFT(G6,FIND(",",G6)-1), "-") -> - | J6: =IF(F6="D0",RIGHT(G6,LEN(G6)-FIND("#",SUBSTITUTE(G6,",","#",LEN(G6)-LEN(SUBSTITUTE(G6,",",""))))),"- ") -> 122 | K6: =IF(E6="D1",LEFT(G6,FIND(",",G6)-1),IF(F6="D1",RIGHT(G6,LEN(G6)-FIND("#",SUBSTITUTE(G6,",","#",LEN(G6)-LEN(SUBSTITUTE(G6,",","")))))," - ")) -> - | L6: =IF(E6="D1",LEFT(G6,FIND(",",G6)-1), "-") -> - | M6: =IF(F6="D1",RIGHT(G6,LEN(G6)-FIND("#",SUBSTITUTE(G6,",","#",LEN(G6)-LEN(SUBSTITUTE(G6,",","")))))+1,"- ") -> - | N6: =IF(E6="D2",LEFT(G6,FIND(",",G6)-1),IF(F6="D2",RIGHT(G6,LEN(G6)-FIND("#",SUBSTITUTE(G6,",","#",LEN(G6)-LEN(SUBSTITUTE(G6,",","")))))," - ")) -> 102 | O6: =IF(E6="D2",LEFT(G6,FIND(",",G6)-1), "-") -> 102 | P6: =IF(F6="D2",RIGHT(G6,LEN(G6)-FIND("#",SUBSTITUTE(G6,",","#",LEN(G6)-LEN(SUBSTITUTE(G6,",","")))))+1,"- ") -> - | W6: =M6 -> - | X6: =L7 -> - | Z6: =P6 -> - | AA6: =O7 -> -
A7: 4 | B7: 0.2125 | C7: 0.25694444 | D7: 502 | E7: D0 | F7: D1 | G7: 3, 4, 5, 6, 7, 8, 9, 10, 11, 12, 13, 14, 15, 16, 17 | H7: =IF(E7="D0",LEFT(G7,FIND(",",G7)-1),IF(F7="D0",RIGHT(G7,LEN(G7)-FIND("#",SUBSTITUTE(G7,",","#",LEN(G7)-LEN(SUBSTITUTE(G7,",",""))))),"- ")) -> 3 | I7: =IF(E7="D0",LEFT(G7,FIND(",",G7)-1), "-") -> 3 | J7: =IF(F7="D0",RIGHT(G7,LEN(G7)-FIND("#",SUBSTITUTE(G7,",","#",LEN(G7)-LEN(SUBSTITUTE(G7,",",""))))),"- ") -> - | K7: =IF(E7="D1",LEFT(G7,FIND(",",G7)-1),IF(F7="D1",RIGHT(G7,LEN(G7)-FIND("#",SUBSTITUTE(G7,",","#",LEN(G7)-LEN(SUBSTITUTE(G7,",","")))))," - ")) -> 17 | L7: =IF(E7="D1",LEFT(G7,FIND(",",G7)-1), "-") -> - | M7: =IF(F7="D1",RIGHT(G7,LEN(G7)-FIND("#",SUBSTITUTE(G7,",","#",LEN(G7)-LEN(SUBSTITUTE(G7,",","")))))+1,"- ") -> 18 | N7: =IF(E7="D2",LEFT(G7,FIND(",",G7)-1),IF(F7="D2",RIGHT(G7,LEN(G7)-FIND("#",SUBSTITUTE(G7,",","#",LEN(G7)-LEN(SUBSTITUTE(G7,",","")))))," - ")) -> - | O7: =IF(E7="D2",LEFT(G7,FIND(",",G7)-1), "-") -> - | P7: =IF(F7="D2",RIGHT(G7,LEN(G7)-FIND("#",SUBSTITUTE(G7,",","#",LEN(G7)-LEN(SUBSTITUTE(G7,",","")))))+1,"- ") -> - | T7: 1 | U7: =I7 -> 3 | V7: =_xlfn.TEXTJOIN(", ", TRUE, _xlfn.SEQUENCE(U7-T7, 1, T7, 1)) -> 1, 2 | W7: =M7 -> 18 | X7: =L8 -> 22 | Y7: =_xlfn.TEXTJOIN(", ", TRUE, _xlfn.SEQUENCE(X7-W7, 1, W7, 1)) -> 18, 19, 20, 21 | Z7: =P7 -> - | AA7: =O8 -> -
A8: 15 | B8: 0.26597222 | C8: 0.3 | D8: 502 | E8: D1 | F8: D2 | G8: 22, 23, 24, 25, 26, 27, 28, 29, 30, 31, 32, 33, 34, 35, 36, 37, 38, 39, 40, 41, 42 | H8: =IF(E8="D0",LEFT(G8,FIND(",",G8)-1),IF(F8="D0",RIGHT(G8,LEN(G8)-FIND("#",SUBSTITUTE(G8,",","#",LEN(G8)-LEN(SUBSTITUTE(G8,",",""))))),"- ")) -> - | I8: =IF(E8="D0",LEFT(G8,FIND(",",G8)-1), "-") -> - | J8: =IF(F8="D0",RIGHT(G8,LEN(G8)-FIND("#",SUBSTITUTE(G8,",","#",LEN(G8)-LEN(SUBSTITUTE(G8,",",""))))),"- ") -> - | K8: =IF(E8="D1",LEFT(G8,FIND(",",G8)-1),IF(F8="D1",RIGHT(G8,LEN(G8)-FIND("#",SUBSTITUTE(G8,",","#",LEN(G8)-LEN(SUBSTITUTE(G8,",","")))))," - ")) -> 22 | L8: =IF(E8="D1",LEFT(G8,FIND(",",G8)-1), "-") -> 22 | M8: =IF(F8="D1",RIGHT(G8,LEN(G8)-FIND("#",SUBSTITUTE(G8,",","#",LEN(G8)-LEN(SUBSTITUTE(G8,",","")))))+1,"- ") -> - | N8: =IF(E8="D2",LEFT(G8,FIND(",",G8)-1),IF(F8="D2",RIGHT(G8,LEN(G8)-FIND("#",SUBSTITUTE(G8,",","#",LEN(G8)-LEN(SUBSTITUTE(G8,",","")))))," - ")) -> 42 | O8: =IF(E8="D2",LEFT(G8,FIND(",",G8)-1), "-") -> - | P8: =IF(F8="D2",RIGHT(G8,LEN(G8)-FIND("#",SUBSTITUTE(G8,",","#",LEN(G8)-LEN(SUBSTITUTE(G8,",","")))))+1,"- ") -> 43 | T8: =H19 -> 353 | U8: 410 | V8: =_xlfn.TEXTJOIN(", ", TRUE, _xlfn.SEQUENCE(U8-T8+1, 1, T8, 1)) -> 353, 354, 355, 356, 357, 358, 359, 360, 361, 362, 363, 364, 365, 366, 367, 368, 369, 370, 371, 372, 373, 374, 375, 376, 377, 378, 379, 380, 381, 382, 383, 384, 385, 386, 387, 388, 389, 390, 391, 392, 393, 394, 395, 396, 397, 398, 399, 400, 401, 402, 403, 404, 405, 406, 407, 408, 409, 410 | W8: =M8 -> - | X8: =L9 -> - | Z8: =P8 -> 43 | AA8: =O9 -> 50 | AB8: =_xlfn.TEXTJOIN(", ", TRUE, _xlfn.SEQUENCE(AA8-Z8, 1, Z8, 1)) -> 43, 44, 45, 46, 47, 48, 49
A9: 33 | B9: 0.30972222 | C9: 0.35138889 | D9: 502 | E9: D2 | F9: D1 | G9: 50, 51, 52, 53, 54, 55, 56, 57, 58, 59, 60, 61, 62, 63, 64, 65, 66, 67, 68, 69 | H9: =IF(E9="D0",LEFT(G9,FIND(",",G9)-1),IF(F9="D0",RIGHT(G9,LEN(G9)-FIND("#",SUBSTITUTE(G9,",","#",LEN(G9)-LEN(SUBSTITUTE(G9,",",""))))),"- ")) -> - | I9: =IF(E9="D0",LEFT(G9,FIND(",",G9)-1), "-") -> - | J9: =IF(F9="D0",RIGHT(G9,LEN(G9)-FIND("#",SUBSTITUTE(G9,",","#",LEN(G9)-LEN(SUBSTITUTE(G9,",",""))))),"- ") -> - | K9: =IF(E9="D1",LEFT(G9,FIND(",",G9)-1),IF(F9="D1",RIGHT(G9,LEN(G9)-FIND("#",SUBSTITUTE(G9,",","#",LEN(G9)-LEN(SUBSTITUTE(G9,",","")))))," - ")) -> 69 | L9: =IF(E9="D1",LEFT(G9,FIND(",",G9)-1), "-") -> - | M9: =IF(F9="D1",RIGHT(G9,LEN(G9)-FIND("#",SUBSTITUTE(G9,",","#",LEN(G9)-LEN(SUBSTITUTE(G9,",","")))))+1,"- ") -> 70 | N9: =IF(E9="D2",LEFT(G9,FIND(",",G9)-1),IF(F9="D2",RIGHT(G9,LEN(G9)-FIND("#",SUBSTITUTE(G9,",","#",LEN(G9)-LEN(SUBSTITUTE(G9,",","")))))," - ")) -> 50 | O9: =IF(E9="D2",LEFT(G9,FIND(",",G9)-1), "-") -> 50 | P9: =IF(F9="D2",RIGHT(G9,LEN(G9)-FIND("#",SUBSTITUTE(G9,",","#",LEN(G9)-LEN(SUBSTITUTE(G9,",","")))))+1,"- ") -> - | W9: =M9 -> 70 | X9: =L10 -> 80 | Y9: =_xlfn.TEXTJOIN(", ", TRUE, _xlfn.SEQUENCE(X9-W9, 1, W9, 1)) -> 70, 71, 72, 73, 74, 75, 76, 77, 78, 79 | Z9: =P9 -> - | AA9: =O10 -> -
A10: 54 | B10: 0.36805556 | C10: 0.40763889 | D10: 502 | E10: D1 | F10: D2 | G10: 80, 81, 82, 83, 84, 85, 86, 87, 88, 89, 90, 91, 92, 93, 94, 95, 96, 97, 98, 99, 100, 101, 102, 103, 104, 105 | H10: =IF(E10="D0",LEFT(G10,FIND(",",G10)-1),IF(F10="D0",RIGHT(G10,LEN(G10)-FIND("#",SUBSTITUTE(G10,",","#",LEN(G10)-LEN(SUBSTITUTE(G10,",",""))))),"- ")) -> - | I10: =IF(E10="D0",LEFT(G10,FIND(",",G10)-1), "-") -> - | J10: =IF(F10="D0",RIGHT(G10,LEN(G10)-FIND("#",SUBSTITUTE(G10,",","#",LEN(G10)-LEN(SUBSTITUTE(G10,",",""))))),"- ") -> - | K10: =IF(E10="D1",LEFT(G10,FIND(",",G10)-1),IF(F10="D1",RIGHT(G10,LEN(G10)-FIND("#",SUBSTITUTE(G10,",","#",LEN(G10)-LEN(SUBSTITUTE(G10,",","")))))," - ")) -> 80 | L10: =IF(E10="D1",LEFT(G10,FIND(",",G10)-1), "-") -> 80 | M10: =IF(F10="D1",RIGHT(G10,LEN(G10)-FIND("#",SUBSTITUTE(G10,",","#",LEN(G10)-LEN(SUBSTITUTE(G10,",","")))))+1,"- ") -> - | N10: =IF(E10="D2",LEFT(G10,FIND(",",G10)-1),IF(F10="D2",RIGHT(G10,LEN(G10)-FIND("#",SUBSTITUTE(G10,",","#",LEN(G10)-LEN(SUBSTITUTE(G10,",","")))))," - ")) -> 105 | O10: =IF(E10="D2",LEFT(G10,FIND(",",G10)-1), "-") -> - | P10: =IF(F10="D2",RIGHT(G10,LEN(G10)-FIND("#",SUBSTITUTE(G10,",","#",LEN(G10)-LEN(SUBSTITUTE(G10,",","")))))+1,"- ") -> 106 | W10: =M10 -> - | X10: =L11 -> - | Z10: =P10 -> 106 | AA10: =O11 -> 112 | AB10: =_xlfn.TEXTJOIN(", ", TRUE, _xlfn.SEQUENCE(AA10-Z10, 1, Z10, 1)) -> 106, 107, 108, 109, 110, 111
A11: 70 | B11: 0.41666667 | C11: 0.45138889 | D11: 502 | E11: D2 | F11: D1 | G11: 112, 113, 114, 115, 116, 117, 118, 119, 120, 121, 122, 123, 124, 125 | H11: =IF(E11="D0",LEFT(G11,FIND(",",G11)-1),IF(F11="D0",RIGHT(G11,LEN(G11)-FIND("#",SUBSTITUTE(G11,",","#",LEN(G11)-LEN(SUBSTITUTE(G11,",",""))))),"- ")) -> - | I11: =IF(E11="D0",LEFT(G11,FIND(",",G11)-1), "-") -> - | J11: =IF(F11="D0",RIGHT(G11,LEN(G11)-FIND("#",SUBSTITUTE(G11,",","#",LEN(G11)-LEN(SUBSTITUTE(G11,",",""))))),"- ") -> - | K11: =IF(E11="D1",LEFT(G11,FIND(",",G11)-1),IF(F11="D1",RIGHT(G11,LEN(G11)-FIND("#",SUBSTITUTE(G11,",","#",LEN(G11)-LEN(SUBSTITUTE(G11,",","")))))," - ")) -> 125 | L11: =IF(E11="D1",LEFT(G11,FIND(",",G11)-1), "-") -> - | M11: =IF(F11="D1",RIGHT(G11,LEN(G11)-FIND("#",SUBSTITUTE(G11,",","#",LEN(G11)-LEN(SUBSTITUTE(G11,",","")))))+1,"- ") -> 126 | N11: =IF(E11="D2",LEFT(G11,FIND(",",G11)-1),IF(F11="D2",RIGHT(G11,LEN(G11)-FIND("#",SUBSTITUTE(G11,",","#",LEN(G11)-LEN(SUBSTITUTE(G11,",","")))))," - ")) -> 112 | O11: =IF(E11="D2",LEFT(G11,FIND(",",G11)-1), "-") -> 112 | P11: =IF(F11="D2",RIGHT(G11,LEN(G11)-FIND("#",SUBSTITUTE(G11,",","#",LEN(G11)-LEN(SUBSTITUTE(G11,",","")))))+1,"- ") -> - | W11: =M11 -> 126 | X11: =L12 -> 132 | Y11: =_xlfn.TEXTJOIN(", ", TRUE, _xlfn.SEQUENCE(X11-W11, 1, W11, 1)) -> 126, 127, 128, 129, 130, 131 | Z11: =P11 -> - | AA11: =O12 -> -
A12: 81 | B12: 0.4625 | C12: 0.50069444 | D12: 502 | E12: D1 | F12: D2 | G12: 132, 133, 134, 135, 136, 137, 138, 139, 140, 141, 142, 143, 144, 145, 146, 147 | H12: =IF(E12="D0",LEFT(G12,FIND(",",G12)-1),IF(F12="D0",RIGHT(G12,LEN(G12)-FIND("#",SUBSTITUTE(G12,",","#",LEN(G12)-LEN(SUBSTITUTE(G12,",",""))))),"- ")) -> - | I12: =IF(E12="D0",LEFT(G12,FIND(",",G12)-1), "-") -> - | J12: =IF(F12="D0",RIGHT(G12,LEN(G12)-FIND("#",SUBSTITUTE(G12,",","#",LEN(G12)-LEN(SUBSTITUTE(G12,",",""))))),"- ") -> - | K12: =IF(E12="D1",LEFT(G12,FIND(",",G12)-1),IF(F12="D1",RIGHT(G12,LEN(G12)-FIND("#",SUBSTITUTE(G12,",","#",LEN(G12)-LEN(SUBSTITUTE(G12,",","")))))," - ")) -> 132 | L12: =IF(E12="D1",LEFT(G12,FIND(",",G12)-1), "-") -> 132 | M12: =IF(F12="D1",RIGHT(G12,LEN(G12)-FIND("#",SUBSTITUTE(G12,",","#",LEN(G12)-LEN(SUBSTITUTE(G12,",","")))))+1,"- ") -> - | N12: =IF(E12="D2",LEFT(G12,FIND(",",G12)-1),IF(F12="D2",RIGHT(G12,LEN(G12)-FIND("#",SUBSTITUTE(G12,",","#",LEN(G12)-LEN(SUBSTITUTE(G12,",","")))))," - ")) -> 147 | O12: =IF(E12="D2",LEFT(G12,FIND(",",G12)-1), "-") -> - | P12: =IF(F12="D2",RIGHT(G12,LEN(G12)-FIND("#",SUBSTITUTE(G12,",","#",LEN(G12)-LEN(SUBSTITUTE(G12,",","")))))+1,"- ") -> 148 | W12: =M12 -> - | X12: =L13 -> - | Z12: =P12 -> 148 | AA12: =O13 -> 153 | AB12: =_xlfn.TEXTJOIN(", ", TRUE, _xlfn.SEQUENCE(AA12-Z12, 1, Z12, 1)) -> 148, 149, 150, 151, 152
A13: 93 | B13: 0.51180556 | C13: 0.54861111 | D13: 502 | E13: D2 | F13: D1 | G13: 153, 154, 155, 156, 157, 158, 159, 160, 161, 162, 163, 164, 165, 166, 167, 168, 169, 170, 171 | H13: =IF(E13="D0",LEFT(G13,FIND(",",G13)-1),IF(F13="D0",RIGHT(G13,LEN(G13)-FIND("#",SUBSTITUTE(G13,",","#",LEN(G13)-LEN(SUBSTITUTE(G13,",",""))))),"- ")) -> - | I13: =IF(E13="D0",LEFT(G13,FIND(",",G13)-1), "-") -> - | J13: =IF(F13="D0",RIGHT(G13,LEN(G13)-FIND("#",SUBSTITUTE(G13,",","#",LEN(G13)-LEN(SUBSTITUTE(G13,",",""))))),"- ") -> - | K13: =IF(E13="D1",LEFT(G13,FIND(",",G13)-1),IF(F13="D1",RIGHT(G13,LEN(G13)-FIND("#",SUBSTITUTE(G13,",","#",LEN(G13)-LEN(SUBSTITUTE(G13,",","")))))," - ")) -> 171 | L13: =IF(E13="D1",LEFT(G13,FIND(",",G13)-1), "-") -> - | M13: =IF(F13="D1",RIGHT(G13,LEN(G13)-FIND("#",SUBSTITUTE(G13,",","#",LEN(G13)-LEN(SUBSTITUTE(G13,",","")))))+1,"- ") -> 172 | N13: =IF(E13="D2",LEFT(G13,FIND(",",G13)-1),IF(F13="D2",RIGHT(G13,LEN(G13)-FIND("#",SUBSTITUTE(G13,",","#",LEN(G13)-LEN(SUBSTITUTE(G13,",","")))))," - ")) -> 153 | O13: =IF(E13="D2",LEFT(G13,FIND(",",G13)-1), "-") -> 153 | P13: =IF(F13="D2",RIGHT(G13,LEN(G13)-FIND("#",SUBSTITUTE(G13,",","#",LEN(G13)-LEN(SUBSTITUTE(G13,",","")))))+1,"- ") -> - | W13: =M13 -> 172 | X13: =L14 -> 179 | Y13: =_xlfn.TEXTJOIN(", ", TRUE, _xlfn.SEQUENCE(X13-W13, 1, W13, 1)) -> 172, 173, 174, 175, 176, 177, 178 | Z13: =P13 -> - | AA13: =O14 -> -
A14: 106 | B14: 0.5625 | C14: 0.60069444 | D14: 502 | E14: D1 | F14: D2 | G14: 179, 180, 181, 182, 183, 184, 185, 186, 187, 188, 189, 190, 191, 192, 193, 194, 195, 196, 197, 198 | H14: =IF(E14="D0",LEFT(G14,FIND(",",G14)-1),IF(F14="D0",RIGHT(G14,LEN(G14)-FIND("#",SUBSTITUTE(G14,",","#",LEN(G14)-LEN(SUBSTITUTE(G14,",",""))))),"- ")) -> - | I14: =IF(E14="D0",LEFT(G14,FIND(",",G14)-1), "-") -> - | J14: =IF(F14="D0",RIGHT(G14,LEN(G14)-FIND("#",SUBSTITUTE(G14,",","#",LEN(G14)-LEN(SUBSTITUTE(G14,",",""))))),"- ") -> - | K14: =IF(E14="D1",LEFT(G14,FIND(",",G14)-1),IF(F14="D1",RIGHT(G14,LEN(G14)-FIND("#",SUBSTITUTE(G14,",","#",LEN(G14)-LEN(SUBSTITUTE(G14,",","")))))," - ")) -> 179 | L14: =IF(E14="D1",LEFT(G14,FIND(",",G14)-1), "-") -> 179 | M14: =IF(F14="D1",RIGHT(G14,LEN(G14)-FIND("#",SUBSTITUTE(G14,",","#",LEN(G14)-LEN(SUBSTITUTE(G14,",","")))))+1,"- ") -> - | N14: =IF(E14="D2",LEFT(G14,FIND(",",G14)-1),IF(F14="D2",RIGHT(G14,LEN(G14)-FIND("#",SUBSTITUTE(G14,",","#",LEN(G14)-LEN(SUBSTITUTE(G14,",","")))))," - ")) -> 198 | O14: =IF(E14="D2",LEFT(G14,FIND(",",G14)-1), "-") -> - | P14: =IF(F14="D2",RIGHT(G14,LEN(G14)-FIND("#",SUBSTITUTE(G14,",","#",LEN(G14)-LEN(SUBSTITUTE(G14,",","")))))+1,"- ") -> 199 | W14: =M14 -> - | X14: =L15 -> - | Z14: =P14 -> 199 | AA14: =O15 -> 206 | AB14: =_xlfn.TEXTJOIN(", ", TRUE, _xlfn.SEQUENCE(AA14-Z14, 1, Z14, 1)) -> 199, 200, 201, 202, 203, 204, 205
A15: 121 | B15: 0.61111111 | C15: 0.65069444 | D15: 502 | E15: D2 | F15: D1 | G15: 206, 207, 208, 209, 210, 211, 212, 213, 214, 215, 216, 217, 218, 219, 220, 221, 222, 223, 224, 225, 226 | H15: =IF(E15="D0",LEFT(G15,FIND(",",G15)-1),IF(F15="D0",RIGHT(G15,LEN(G15)-FIND("#",SUBSTITUTE(G15,",","#",LEN(G15)-LEN(SUBSTITUTE(G15,",",""))))),"- ")) -> - | I15: =IF(E15="D0",LEFT(G15,FIND(",",G15)-1), "-") -> - | J15: =IF(F15="D0",RIGHT(G15,LEN(G15)-FIND("#",SUBSTITUTE(G15,",","#",LEN(G15)-LEN(SUBSTITUTE(G15,",",""))))),"- ") -> - | K15: =IF(E15="D1",LEFT(G15,FIND(",",G15)-1),IF(F15="D1",RIGHT(G15,LEN(G15)-FIND("#",SUBSTITUTE(G15,",","#",LEN(G15)-LEN(SUBSTITUTE(G15,",","")))))," - ")) -> 226 | L15: =IF(E15="D1",LEFT(G15,FIND(",",G15)-1), "-") -> - | M15: =IF(F15="D1",RIGHT(G15,LEN(G15)-FIND("#",SUBSTITUTE(G15,",","#",LEN(G15)-LEN(SUBSTITUTE(G15,",","")))))+1,"- ") -> 227 | N15: =IF(E15="D2",LEFT(G15,FIND(",",G15)-1),IF(F15="D2",RIGHT(G15,LEN(G15)-FIND("#",SUBSTITUTE(G15,",","#",LEN(G15)-LEN(SUBSTITUTE(G15,",","")))))," - ")) -> 206 | O15: =IF(E15="D2",LEFT(G15,FIND(",",G15)-1), "-") -> 206 | P15: =IF(F15="D2",RIGHT(G15,LEN(G15)-FIND("#",SUBSTITUTE(G15,",","#",LEN(G15)-LEN(SUBSTITUTE(G15,",","")))))+1,"- ") -> - | W15: =M15 -> 227 | X15: =L16 -> 236 | Y15: =_xlfn.TEXTJOIN(", ", TRUE, _xlfn.SEQUENCE(X15-W15, 1, W15, 1)) -> 227, 228, 229, 230, 231, 232, 233, 234, 235 | Z15: =P15 -> - | AA15: =O16 -> -
A16: 141 | B16: 0.66666667 | C16: 0.71111111 | D16: 502 | E16: D1 | F16: D2 | G16: 236, 237, 238, 239, 240, 241, 242, 243, 244, 245, 246, 247, 248, 249, 250, 251, 252, 253, 254, 255, 256, 257, 258, 259, 260, 261, 262, 263 | H16: =IF(E16="D0",LEFT(G16,FIND(",",G16)-1),IF(F16="D0",RIGHT(G16,LEN(G16)-FIND("#",SUBSTITUTE(G16,",","#",LEN(G16)-LEN(SUBSTITUTE(G16,",",""))))),"- ")) -> - | I16: =IF(E16="D0",LEFT(G16,FIND(",",G16)-1), "-") -> - | J16: =IF(F16="D0",RIGHT(G16,LEN(G16)-FIND("#",SUBSTITUTE(G16,",","#",LEN(G16)-LEN(SUBSTITUTE(G16,",",""))))),"- ") -> - | K16: =IF(E16="D1",LEFT(G16,FIND(",",G16)-1),IF(F16="D1",RIGHT(G16,LEN(G16)-FIND("#",SUBSTITUTE(G16,",","#",LEN(G16)-LEN(SUBSTITUTE(G16,",","")))))," - ")) -> 236 | L16: =IF(E16="D1",LEFT(G16,FIND(",",G16)-1), "-") -> 236 | M16: =IF(F16="D1",RIGHT(G16,LEN(G16)-FIND("#",SUBSTITUTE(G16,",","#",LEN(G16)-LEN(SUBSTITUTE(G16,",","")))))+1,"- ") -> - | N16: =IF(E16="D2",LEFT(G16,FIND(",",G16)-1),IF(F16="D2",RIGHT(G16,LEN(G16)-FIND("#",SUBSTITUTE(G16,",","#",LEN(G16)-LEN(SUBSTITUTE(G16,",","")))))," - ")) -> 263 | O16: =IF(E16="D2",LEFT(G16,FIND(",",G16)-1), "-") -> - | P16: =IF(F16="D2",RIGHT(G16,LEN(G16)-FIND("#",SUBSTITUTE(G16,",","#",LEN(G16)-LEN(SUBSTITUTE(G16,",","")))))+1,"- ") -> 264 | W16: =M16 -> - | X16: =L17 -> - | Z16: =P16 -> 264 | AA16: =O17 -> 271 | AB16: =_xlfn.TEXTJOIN(", ", TRUE, _xlfn.SEQUENCE(AA16-Z16, 1, Z16, 1)) -> 264, 265, 266, 267, 268, 269, 270
A17: 161 | B17: 0.72083333 | C17: 0.76180556 | D17: 502 | E17: D2 | F17: D1 | G17: 271, 272, 273, 274, 275, 276, 277, 278, 279, 280, 281, 282, 283, 284, 285, 286, 287, 288, 289, 290, 291, 292, 293, 294, 295, 296 | H17: =IF(E17="D0",LEFT(G17,FIND(",",G17)-1),IF(F17="D0",RIGHT(G17,LEN(G17)-FIND("#",SUBSTITUTE(G17,",","#",LEN(G17)-LEN(SUBSTITUTE(G17,",",""))))),"- ")) -> - | I17: =IF(E17="D0",LEFT(G17,FIND(",",G17)-1), "-") -> - | J17: =IF(F17="D0",RIGHT(G17,LEN(G17)-FIND("#",SUBSTITUTE(G17,",","#",LEN(G17)-LEN(SUBSTITUTE(G17,",",""))))),"- ") -> - | K17: =IF(E17="D1",LEFT(G17,FIND(",",G17)-1),IF(F17="D1",RIGHT(G17,LEN(G17)-FIND("#",SUBSTITUTE(G17,",","#",LEN(G17)-LEN(SUBSTITUTE(G17,",","")))))," - ")) -> 296 | L17: =IF(E17="D1",LEFT(G17,FIND(",",G17)-1), "-") -> - | M17: =IF(F17="D1",RIGHT(G17,LEN(G17)-FIND("#",SUBSTITUTE(G17,",","#",LEN(G17)-LEN(SUBSTITUTE(G17,",","")))))+1,"- ") -> 297 | N17: =IF(E17="D2",LEFT(G17,FIND(",",G17)-1),IF(F17="D2",RIGHT(G17,LEN(G17)-FIND("#",SUBSTITUTE(G17,",","#",LEN(G17)-LEN(SUBSTITUTE(G17,",","")))))," - ")) -> 271 | O17: =IF(E17="D2",LEFT(G17,FIND(",",G17)-1), "-") -> 271 | P17: =IF(F17="D2",RIGHT(G17,LEN(G17)-FIND("#",SUBSTITUTE(G17,",","#",LEN(G17)-LEN(SUBSTITUTE(G17,",","")))))+1,"- ") -> - | W17: =M17 -> 297 | X17: =L18 -> 306 | Y17: =_xlfn.TEXTJOIN(", ", TRUE, _xlfn.SEQUENCE(X17-W17, 1, W17, 1)) -> 297, 298, 299, 300, 301, 302, 303, 304, 305 | Z17: =P17 -> - | AA17: =O18 -> -
A18: 181 | B18: 0.77638889 | C18: 0.81180556 | D18: 502 | E18: D1 | F18: D2 | G18: 306, 307, 308, 309, 310, 311, 312, 313, 314, 315, 316, 317, 318, 319, 320, 321, 322, 323, 324 | H18: =IF(E18="D0",LEFT(G18,FIND(",",G18)-1),IF(F18="D0",RIGHT(G18,LEN(G18)-FIND("#",SUBSTITUTE(G18,",","#",LEN(G18)-LEN(SUBSTITUTE(G18,",",""))))),"- ")) -> - | I18: =IF(E18="D0",LEFT(G18,FIND(",",G18)-1), "-") -> - | J18: =IF(F18="D0",RIGHT(G18,LEN(G18)-FIND("#",SUBSTITUTE(G18,",","#",LEN(G18)-LEN(SUBSTITUTE(G18,",",""))))),"- ") -> - | K18: =IF(E18="D1",LEFT(G18,FIND(",",G18)-1),IF(F18="D1",RIGHT(G18,LEN(G18)-FIND("#",SUBSTITUTE(G18,",","#",LEN(G18)-LEN(SUBSTITUTE(G18,",","")))))," - ")) -> 306 | L18: =IF(E18="D1",LEFT(G18,FIND(",",G18)-1), "-") -> 306 | M18: =IF(F18="D1",RIGHT(G18,LEN(G18)-FIND("#",SUBSTITUTE(G18,",","#",LEN(G18)-LEN(SUBSTITUTE(G18,",","")))))+1,"- ") -> - | N18: =IF(E18="D2",LEFT(G18,FIND(",",G18)-1),IF(F18="D2",RIGHT(G18,LEN(G18)-FIND("#",SUBSTITUTE(G18,",","#",LEN(G18)-LEN(SUBSTITUTE(G18,",","")))))," - ")) -> 324 | O18: =IF(E18="D2",LEFT(G18,FIND(",",G18)-1), "-") -> - | P18: =IF(F18="D2",RIGHT(G18,LEN(G18)-FIND("#",SUBSTITUTE(G18,",","#",LEN(G18)-LEN(SUBSTITUTE(G18,",","")))))+1,"- ") -> 325 | W18: =M18 -> - | X18: =L19 -> - | Z18: =P18 -> 325 | AA18: =O19 -> 332 | AB18: =_xlfn.TEXTJOIN(", ", TRUE, _xlfn.SEQUENCE(AA18-Z18, 1, Z18, 1)) -> 325, 326, 327, 328, 329, 330, 331
